candidate_id,full_name,email,phone,role_applied,department,created_at,source_channel
a62ca7ff-8ccf-4f2c-86c7-58d9a637afc1,Liam Chaudry,bakshianvi@example.org,8196001338,Software Engineer,Sales,2026-06-07T15:03:23Z,referral
51511b1c-a5bf-4f3a-8889-953c443a564a,Arunima Ahuja,issaconi@example.org,+916542351161,Product Manager,Product,2026-05-16T21:39:34Z,internshala
557e81d4-c9e8-4c65-a68e-83d7dd8239fd,Jeet Radhakrishnan,hemangini94@example.org,+918495931034,Legal Counsel,Finance,2026-06-12T08:43:57Z,linkedin
bb6226f0-3b43-405f-b8dd-37454de57cf0,Sudiksha Patla,kaulharrison@example.com,+915534192832,Data Analyst,Data,2026-06-23T11:01:54Z,referral
b584d973-6d24-474e-97e7-0cf4dc7646c0,Ekta Bhalla,rraghavan@example.net,+910564139537,Legal Counsel,Engineering,2026-03-23T02:46:14Z,internshala
2ad14070-298d-481b-8c15-5fe9f1c637be,Yatin Yohannan,jshanker@example.com,09696532871,Frontend Engineer,Operations,2026-05-21T15:14:46Z,naukri
8a22809e-c130-4e6c-8453-8c8b31ad5c5f,Pahal Bhatt,choudharymichael@example.net,06978480184,HR Business Partner,Legal,2026-05-17T10:34:09Z,company_portal
c7420b6c-7266-4dd5-8355-a84175201f76,Aarush Lall,isaac46@example.org,2814893252,DevOps Engineer,Design,2026-06-27T23:36:37Z,naukri
1eab3584-cddf-491a-a794-646e14bb5dad,Janani Mohanty,naikvrinda@example.org,+910391171822,Sales Executive,Design,2026-04-24T04:12:52Z,referral
a4c2c53d-14ce-4f37-8e6d-80aa3d7d7286,Siddharth Zacharia,qgandhi@example.net,3465787133,Data Analyst,Product,2026-04-24T21:15:09Z,naukri
5e8d46d6-6d71-44b6-9eba-a8f026163681,Thomas Amble,nigamansh@example.net,+910310518347,Marketing Specialist,Marketing,2026-06-10T11:09:57Z,internshala
e1868bb1-7eb5-4476-a3f7-e67e7cd483df,Niharika Gupta,kevinsolanki@example.org,+911656670106,DevOps Engineer,Engineering,2026-05-08T21:08:25Z,naukri
539d430f-87f3-4aa5-bba2-3860dd9c1e3a,Logan Sami,ikbal33@example.org,+914731781080,Data Analyst,Finance,2026-03-17T02:53:34Z,linkedin
4aa93e7d-69f2-4e97-9700-adcc27b33b5c,Vasana Kala,khalsaojas@example.com,00260647468,Sales Executive,Legal,2026-03-14T01:12:04Z,company_portal
91312563-9a25-4913-b070-1eba91bdbb0f,Dalbir Bhat,mdubey@example.com,5009788208,UX Designer,Product,2026-03-09T03:14:27Z,linkedin
fd02fb20-ac17-40b0-befa-333a71247ede,Wahab Raval,grewalekapad@example.net,+919399091699,DevOps Engineer,Sales,2026-05-15T23:48:50Z,linkedin
8d17ae90-9389-4ea8-990e-a718124db925,Meghana Deep,advika35@example.org,4751079911,ML Engineer,Product,2026-05-15T01:00:46Z,naukri
aa90bf2e-3d4d-4a9f-a122-9924c6d6992d,Ekapad Konda,yashawinilanka@example.org,04278498084,HR Business Partner,Marketing,2026-05-06T06:26:45Z,referral
c6d14134-18f0-4cac-9a90-7166291266f2,Nachiket Magar,desaiaishani@example.org,09353487401,Marketing Specialist,Data,2026-04-18T08:43:42Z,company_portal
1dca675a-cd3f-4f07-aaee-77830a5846f2,Kalpit Lala,cmalhotra@example.org,+917868011280,Legal Counsel,Design,2026-06-15T09:08:13Z,internshala
287d97f1-c104-4c92-914a-0cc84a2ac425,Janya Baral,manbir62@example.org,03315869232,Product Manager,HR,2026-05-12T16:59:43Z,naukri
5961b657-7c6f-446e-8223-fd539238a9ab,Nisha Kothari,nitarabakshi@example.org,02160733754,Content Strategist,Operations,2026-05-07T19:50:56Z,referral
8a9a4e07-4997-4e6b-bd86-e8967477d6e6,Mohini Narasimhan,udantbajwa@example.net,01458685014,ML Engineer,Engineering,2026-04-27T06:37:47Z,referral
b09cbd15-3bd0-4589-90f3-46c22ab0aebb,Hemani Murthy,alkabarad@example.org,09816934060,DevOps Engineer,Marketing,2026-06-23T00:17:56Z,naukri
1d8f804f-3aae-4678-8b8b-4ed22fb73700,Dipta Dash,janujasankar@example.org,4846564823,Data Analyst,Data,2026-05-08T06:08:02Z,internshala
6cf54a7e-c2e0-4743-9d61-07814a6f43bf,Daksha Mangat,charviravi@example.net,+916995777387,UX Designer,HR,2026-04-29T03:23:30Z,naukri
2440a12d-20b5-4d72-a27f-163a42839bd7,Girik Keer,fradomander@example.net,4332003791,Product Manager,Sales,2026-04-01T03:29:32Z,referral
c53191f9-9968-4f9f-8ba1-1d4d1491dc87,Leena Talwar,osachdeva@example.net,03201632870,Frontend Engineer,Operations,2026-05-12T08:31:46Z,internshala
2e500e1b-6ff2-47da-ab7e-f53761e2dfbe,Edhitha Savant,jairajshan@example.org,8687277434,Frontend Engineer,Legal,2026-05-09T05:25:56Z,naukri
015c7077-bc3a-45b1-a614-c8df8b1d85d3,Bhavika Keer,rkhare@example.com,05581223623,Financial Analyst,Marketing,2026-03-07T22:26:11Z,referral
6f482d7e-056e-462b-8e89-7d981d617246,Ojasvi Bhatia,sachdevanikita@example.com,+916690967054,Operations Lead,HR,2026-06-02T09:13:27Z,linkedin
560d5e0d-a9c8-4893-bce9-004fc51f3fa3,Vinaya Kanda,isaini@example.net,06706562729,ML Engineer,Product,2026-06-20T02:19:07Z,referral
272e85c3-00e4-4d65-9bf3-fe88ceb87734,Krishna Shenoy,rameshavi@example.org,+910465375564,DevOps Engineer,Finance,2026-05-29T04:19:36Z,internshala
1cda7e41-8870-4b7d-be37-6c0aef7976be,Charles Palla,fkrishnan@example.com,+911003309232,Financial Analyst,Finance,2026-06-16T21:50:10Z,internshala
ffc66c8b-791c-44e3-a153-e4e046d69e2e,Aahana Pillay,kcontractor@example.org,+919912419049,Operations Lead,Sales,2026-03-30T08:37:34Z,internshala
d1ffdbbf-b5de-4b91-9409-5bd567f0f846,Xavier Chaudry,tranganathan@example.org,4919058651,Backend Engineer,Product,2026-06-27T00:23:29Z,internshala
fe2f698b-fcc4-4f91-8386-c4ca4e2879c8,Janaki Sharaf,advik67@example.org,2628498776,DevOps Engineer,Marketing,2026-05-08T10:24:05Z,linkedin
d1ff448c-c779-42fb-9183-e599aea7fb9d,Yagnesh Shetty,ekantika31@example.com,9650752735,Financial Analyst,Design,2026-05-03T06:05:13Z,naukri
d0cb8438-65f5-4bff-9f4b-4aee2650e95b,Advaith Varughese,harini49@example.net,+911367837770,Frontend Engineer,Sales,2026-06-28T14:46:21Z,internshala
675284da-8f5f-4057-9d16-062ce7c5e795,Damini Pillay,menontimothy@example.com,08856855744,Operations Lead,Product,2026-05-25T13:19:07Z,company_portal
ee8fd3c6-edbf-4a2d-b910-f9fd07fea779,Qasim Handa,vihaan13@example.com,+917498941343,Legal Counsel,Data,2026-03-22T16:00:59Z,referral
5ff39a66-81be-4483-a727-e315d2858099,Anusha Bath,praneel40@example.net,+918427109477,DevOps Engineer,Design,2026-04-17T15:19:55Z,internshala
75efecd7-bc9c-4c66-aa5b-c87e16625f7e,Vanya Comar,loak@example.org,+916719022941,Content Strategist,Engineering,2026-03-18T06:16:10Z,internshala
784501df-ecd9-4a9d-b898-a350a5a94be4,Lajita Seshadri,jagatsaha@example.net,04964990913,HR Business Partner,Engineering,2026-04-27T07:13:12Z,linkedin
3aeeb01e-dc43-429e-9027-a38529ddd8ae,Oscar Borde,aishanibumb@example.org,+910679740344,Content Strategist,Sales,2026-04-19T18:17:02Z,referral
97f271cc-abda-4d3e-8f21-cae49ec4343f,Rudra Sandal,rbobal@example.org,+918324210249,UX Designer,Legal,2026-06-17T23:56:45Z,linkedin
a6e1e90a-0b73-43bf-8d17-fdda73f91918,Neha Magar,reva17@example.net,8771906594,Frontend Engineer,HR,2026-06-12T14:43:22Z,linkedin
60d02014-9afa-4a6a-b431-2635e82e8aa4,Amruta Baria,chandveer@example.net,+917874296717,DevOps Engineer,Design,2026-03-17T19:18:22Z,referral
058ac95f-e77d-4df4-8ea8-b65a11ee434b,Naveen Narayan,nilima55@example.net,07468071545,Operations Lead,Design,2026-03-28T22:55:13Z,company_portal
fb18bbc7-58a7-42d5-b4c4-8e479d97b487,Odika Bhagat,ravalyoshita@example.org,+918597703482,ML Engineer,Legal,2026-03-18T18:45:31Z,naukri
671e8c27-8ae7-4698-bf3d-fa9d6a1f1d4e,Nathan Mukhopadhyay,raksha71@example.org,0861317127,Content Strategist,Operations,2026-05-19T02:50:44Z,referral
db02b052-8d1b-4523-b25a-5bd9971bda08,Yagnesh Shan,yashodhara46@example.com,2639821465,Financial Analyst,Marketing,2026-04-29T17:11:37Z,naukri
04b7e144-46a3-4566-921d-14d6897ac994,Manthan Sekhon,aarnav44@example.net,7558867533,HR Business Partner,Product,2026-03-20T17:49:07Z,referral
bb5d008d-8189-4561-b294-9303591f9519,Eesha Solanki,xkaur@example.com,6627028951,Data Analyst,Marketing,2026-05-16T14:43:53Z,linkedin
e47d0440-48ac-4791-8011-17e14ea94492,Maanas Rout,hchaudhry@example.com,2174596158,Operations Lead,Data,2026-03-07T00:10:46Z,internshala
f2b9068a-10b1-4e4e-912d-1c0742d1d3c3,Balendra Biswas,onadig@example.net,+914316117240,Software Engineer,Product,2026-05-17T11:36:34Z,linkedin
83101cad-b189-4a86-8f09-962f9edd945a,Kavya Sankar,nairdaksh@example.com,+913869222196,Data Analyst,Engineering,2026-05-15T18:57:03Z,company_portal
4800d965-14ac-4052-9009-95a30ddc0494,Aachal Sharaf,widishadhar@example.org,00748217594,Operations Lead,Data,2026-06-15T11:40:39Z,company_portal
8c23fc09-7c1d-4a95-a621-216d8e3c6fa3,Leena Subramanian,dkrishna@example.com,+913695944064,UX Designer,Operations,2026-03-26T23:42:05Z,referral
3e75e335-8fb7-4085-9d71-2dfd1020f19b,Indira Kanda,bawawatika@example.com,3942104709,Legal Counsel,HR,2026-03-10T08:38:35Z,referral
7e9fe818-dd50-4a08-a92a-347e7a3512cf,Parth Iyer,karan14@example.com,+918588424745,DevOps Engineer,Finance,2026-03-29T09:40:59Z,referral
8d8098b6-0ccd-48e3-8305-5aec692c75fb,Mekhala Pau,sidhufaqid@example.org,+916048175496,Data Analyst,Finance,2026-06-10T22:18:24Z,company_portal
cfbe7386-8a28-46a2-809a-1b5c3b8c54d9,Timothy Bhatnagar,hritik37@example.org,7461200471,Financial Analyst,HR,2026-04-07T23:52:38Z,linkedin
eacd0c5f-d912-4b4c-a011-ae5ec1d38a43,Kamala Zachariah,keerkrishna@example.com,09261796405,Software Engineer,Finance,2026-06-10T03:14:11Z,company_portal
fe1b0531-ce2c-4b3b-8138-a4cc4891bd1b,Hardik Pillai,sachisaxena@example.org,5064317139,UX Designer,Data,2026-06-08T00:39:58Z,referral
0a2365c9-18c3-4d20-80d0-04e60ed50ee3,Samesh Biswas,bedigauri@example.org,3933529042,HR Business Partner,Design,2026-03-17T02:37:27Z,naukri
708606a8-202d-4d0f-a1df-37bdb1c670e4,Karan Aurora,zashilghosh@example.org,03950240268,Sales Executive,HR,2026-05-24T14:46:50Z,referral
54bbeeb3-b52e-41aa-a61d-49d808f0c2fb,Yochana Chopra,bhattvamakshi@example.com,08390847007,HR Business Partner,Operations,2026-06-14T14:34:40Z,linkedin
1ee90c2e-3d66-4bc0-8ff6-ccc938416838,Sachi Borah,rsandhu@example.org,+915921249985,Backend Engineer,Operations,2026-06-19T10:08:17Z,linkedin
935108cb-2939-4ea0-9c4b-af2effa3436f,Hardik Contractor,swali@example.com,8367365766,Content Strategist,Data,2026-06-11T03:15:39Z,referral
c850a645-b389-41c7-b4c2-6a81070ad897,Kavya Dua,munshiprisha@example.com,7111161528,HR Business Partner,HR,2026-04-11T07:52:12Z,referral
6cb03322-5d11-418a-947c-3c4395956fbb,Pallavi Behl,narayanjason@example.com,09451983273,Content Strategist,Engineering,2026-04-12T08:54:49Z,referral
c516cc06-bdfa-4fdb-a0e8-0d8bf1d0ec63,Upkaar Sanghvi,pallajhalak@example.org,9980940244,Software Engineer,Finance,2026-04-16T15:45:15Z,company_portal
78848b96-6c51-49f0-9fe4-1f6442e68de7,Ekaraj Dhar,indali02@example.org,0183667525,Sales Executive,Finance,2026-04-01T21:24:15Z,internshala
d4d02b04-501d-4436-b580-be8d42919e31,Nachiket Dugar,ekta99@example.org,0147679764,Product Manager,Data,2026-03-26T17:50:37Z,company_portal
6f2a5c45-64f7-4178-add2-2ff876b3dc99,Indrajit Mander,yauvanicomar@example.com,9784036900,Software Engineer,Legal,2026-05-17T23:20:14Z,internshala
a8099e87-cc17-4279-b29b-5ecf6b389d14,Bimala Narang,charvikakar@example.org,+910762268388,Frontend Engineer,Marketing,2026-06-17T09:48:50Z,linkedin
dbe897b9-1e11-4f9d-9db8-09079c6f4dea,Tripti Brahmbhatt,ekbal60@example.com,09696641605,Legal Counsel,HR,2026-06-19T12:13:00Z,internshala
6c92f9ad-7277-4a2a-995b-27fdda2b0db4,Hitesh Kohli,trivenipathak@example.org,09681645352,Product Manager,Engineering,2026-03-18T02:40:11Z,internshala
6d1348a1-3f2f-4527-aca9-384f91700237,Ikshita Panchal,uppalishaan@example.net,2312432921,ML Engineer,Design,2026-06-13T16:33:01Z,linkedin
53bcec69-3eba-4303-8abd-2743ecdd18b1,Ekantika Mutti,wakeetashetty@example.net,+917177449058,Data Analyst,Data,2026-03-05T16:49:56Z,naukri
8de1f443-bda6-4e7a-be73-99abfe57f6aa,Dakshesh Pillay,mukherjeetriya@example.com,01199867980,Content Strategist,Legal,2026-06-05T23:11:05Z,referral
e3fcb52b-1ed5-4d82-b8b6-32b4e716bd82,Yachana Dora,uguha@example.net,+917151820377,Legal Counsel,Engineering,2026-03-08T19:56:18Z,internshala
2b2c13fb-9d74-494a-90d0-b8f1ee025820,Nilima Nigam,janujapradhan@example.com,9051518644,Financial Analyst,Legal,2026-06-13T07:49:35Z,internshala
39ad60be-fdea-4565-9f80-4d5a1a65b135,Inaya Mukherjee,gauribumb@example.net,6291486528,Marketing Specialist,Sales,2026-03-19T17:33:10Z,referral
565fa6ff-1b0f-46f4-9f4f-eb6353f424e6,Janani More,sampathyashoda@example.com,+913573322141,UX Designer,Sales,2026-04-29T05:41:38Z,naukri
82333b2d-2e83-48da-825c-81fce055f612,Mitesh Gaba,nayarkaran@example.net,+919270653794,Backend Engineer,Sales,2026-06-03T19:57:35Z,naukri
4a2b808a-e69e-48ce-83bc-d98d6b8185a2,Upasna Hari,ikaur@example.org,09774688623,Content Strategist,Product,2026-04-28T20:24:15Z,linkedin
2e8428ee-b0a3-4884-aa38-d6425afcbef5,Kamya Chauhan,zashilben@example.net,8141247826,Legal Counsel,Legal,2026-04-01T06:07:53Z,linkedin
821af57e-b085-4cbb-abfb-f7b81e5ef699,Oeshi Bera,kapadiashravya@example.com,08536153051,Operations Lead,Data,2026-06-15T00:28:38Z,internshala
eef42d4b-51e5-49ad-85da-5357feba850d,Liam Singh,madhav20@example.com,09010432898,Product Manager,Marketing,2026-05-08T17:58:24Z,linkedin
0eb03bc2-0d2d-4824-9bba-9e32b3f4105d,Charvi Dara,xchoudhry@example.com,+913697117980,Marketing Specialist,Sales,2026-05-12T19:26:56Z,referral
2c04c0a2-0707-4653-967a-df56f604488b,Ira Khosla,maanasmanne@example.com,6218518888,ML Engineer,Operations,2026-04-05T03:48:31Z,company_portal
0d871cf9-abfe-4358-ac15-6c8c45b38ff6,Kashvi Kulkarni,ramakrishnanupma@example.org,0515319520,DevOps Engineer,Operations,2026-03-02T11:16:19Z,linkedin
b2e65e01-fc31-40cb-808a-68c0c2a4a2ee,Qabil Deshmukh,hamsini27@example.net,+917043030548,Sales Executive,Product,2026-03-13T13:15:46Z,referral
4d31c08d-3ee0-4031-a963-2b713b94af0c,Bhavika Parikh,qsolanki@example.org,+915415667652,Data Analyst,Product,2026-05-08T21:23:47Z,internshala
89955ce3-d6f7-404a-95c8-39b76e954851,Fitan Samra,xtank@example.net,+916928451154,Sales Executive,Sales,2026-05-30T01:27:25Z,internshala
0a881485-d628-43ba-a18b-80dd8e448d99,Indali Sekhon,sanaya96@example.org,+915964016582,Frontend Engineer,Marketing,2026-05-19T08:17:29Z,referral
abe5f117-bce1-46d2-838d-45bb278f5550,Ekalinga Keer,dharraksha@example.org,5569092755,Operations Lead,HR,2026-05-08T23:38:34Z,company_portal
bcb1d9ef-e9b0-42ea-9551-ffc633a92e79,Mitali Murthy,kbose@example.org,4310278681,Data Analyst,Finance,2026-06-19T09:09:24Z,company_portal
38f098e6-2caa-4f7e-82a5-e8e42fc36a1d,Vritti Iyengar,abha73@example.net,+912172715518,Software Engineer,Marketing,2026-06-20T16:26:15Z,referral
cbb46e32-3a7a-4b62-ac9f-436ba3668580,Jairaj Iyer,charita22@example.com,+913705895782,Product Manager,HR,2026-05-09T09:05:48Z,internshala
fc9a150d-049a-4803-b368-d630b0abd674,Nirja Rout,bhattidayamai@example.com,1251778528,Operations Lead,Engineering,2026-04-07T04:43:53Z,linkedin
8d2272a6-a9ef-4dc2-9cad-c401aef5f878,Jeet Vasa,kaisant@example.net,+914225358414,Content Strategist,Design,2026-06-14T15:14:06Z,internshala
01fc3b22-0c61-44f1-8948-ab87aad48679,Girik Thakkar,anvidass@example.net,2992299590,ML Engineer,Marketing,2026-06-22T05:59:37Z,internshala
e76e83d6-78cd-4427-800c-b3a372e6ceed,Shivansh Saha,bumbchakradev@example.net,0784473647,Product Manager,Finance,2026-03-13T22:56:36Z,referral
9008768f-ed50-4af1-9d8a-5d611ef0c313,Veda Shetty,bhasinnakul@example.com,+915925556258,Sales Executive,Marketing,2026-06-21T02:57:37Z,linkedin
c735cf54-0eee-4323-95be-fa5338771edd,Amara Sengupta,nagarwyatt@example.com,+912104696325,UX Designer,Data,2026-04-20T18:23:06Z,linkedin
55854bdd-257c-4b78-a24d-620d50159306,Wishi Morar,ranveer27@example.net,00168733950,DevOps Engineer,Operations,2026-04-21T13:38:06Z,naukri
2c0602a7-b42c-42ef-ac77-50f1858d7b95,Bhavika Yadav,mandawarda@example.net,+911624565060,Content Strategist,Data,2026-05-30T05:37:34Z,referral
077d78ba-c21e-4434-ad85-e55b8e1a0139,Yamini Seshadri,jananimani@example.org,4991216558,Content Strategist,Finance,2026-05-25T20:46:23Z,linkedin
65b359d3-70f3-4fdc-91df-e193b735415d,Xiti Baria,maanas39@example.net,+910257872982,Frontend Engineer,Marketing,2026-05-25T10:00:56Z,naukri
ee1f3709-348a-4a52-9f51-f51816131784,Gayathri Tripathi,eiravati26@example.net,8794705516,Sales Executive,Design,2026-05-12T01:21:13Z,linkedin
80ed7176-9fd2-4e08-ac50-1da26e678d45,Charan Srinivasan,avi97@example.com,+918962309130,ML Engineer,Engineering,2026-04-15T23:07:23Z,naukri
f21ae21d-aad5-40f3-878b-8e55833d35ed,Samar Roy,amurthy@example.org,9702838578,UX Designer,HR,2026-05-17T01:16:50Z,company_portal
f9cfa7ee-9c95-451b-8059-c04341abafc7,Irya Lalla,lmurthy@example.com,7334843443,ML Engineer,Data,2026-04-30T23:36:15Z,referral
9cc4fee6-8adb-4cc5-9ca7-f1990a925218,Bhavna Dara,enadig@example.com,8665240415,Backend Engineer,Data,2026-06-24T15:36:45Z,naukri
22921d1d-4617-46c3-bf69-832f15d1c416,Saksham Yohannan,vkunda@example.com,08421993308,Sales Executive,Product,2026-04-26T12:05:07Z,company_portal
cc588748-257c-4472-84d4-436d92b94354,Ganga Sodhi,virajben@example.org,+912082677345,Backend Engineer,Operations,2026-04-22T01:26:14Z,naukri
d9784242-8f3a-489b-926f-18ad54f6c30b,Parth Sahni,daniel19@example.org,+910672400499,Marketing Specialist,Engineering,2026-03-17T02:57:01Z,linkedin
fdcba7f7-ab0d-4428-91d6-5dbc038e6e97,Krish Thaman,nayakbhavani@example.com,04315274205,Product Manager,Legal,2026-05-09T12:32:45Z,company_portal
db9afe8e-a250-46a1-bf59-654e39ed47af,Prisha Varma,reyansh29@example.net,01612275304,Data Analyst,Legal,2026-06-21T19:36:19Z,naukri
644bf8fe-dad8-4501-a690-4c56b7300d56,Chasmum Apte,ckeer@example.com,05301742684,Frontend Engineer,Marketing,2026-04-23T02:52:41Z,naukri
fb4d6d3b-6aad-435a-8c03-35aae573fadc,Theodore Deol,merchantjhalak@example.net,02795687833,Operations Lead,Product,2026-03-03T12:45:32Z,naukri
0fc45d2e-b2b9-4329-a05a-825d3ad70810,Faras Choudhury,vorasanya@example.net,+918839822587,UX Designer,Sales,2026-03-09T06:48:06Z,linkedin
2d03e6f2-2961-4cb6-ab1a-5b000296e7d3,Christopher Setty,jhavrinda@example.org,+918679087406,Software Engineer,Operations,2026-04-05T13:43:17Z,internshala
d4c910dd-a9ad-41c7-97c6-ff6fb73113c7,Pallavi Padmanabhan,aarush39@example.org,1801704622,Marketing Specialist,Finance,2026-05-21T23:38:48Z,linkedin
d4dd6180-6f0a-438b-8cd8-7e31bcd261e7,Keya Buch,yprasad@example.com,8251286823,Legal Counsel,Marketing,2026-04-26T03:03:11Z,linkedin
5ee5f7c5-6591-4d0b-a385-f8314ea02a8f,Ladli Karpe,bajajchanchal@example.com,+917524310690,Operations Lead,Sales,2026-05-01T22:17:37Z,naukri
037801ce-6a69-4430-aa34-f6ec2ba6a8b0,Sanya Bava,samuelbhavsar@example.org,+910673830284,Financial Analyst,Sales,2026-04-26T21:46:27Z,internshala
0eb348e7-17cb-4432-af83-a3fa8cde0c94,Luke Verma,eiravatinagi@example.org,+916440892687,UX Designer,Finance,2026-06-04T12:41:34Z,naukri
f2a8e3b1-9663-4ce6-a57f-e18ded6d05db,Omaja Rege,padmanabhanlakshmi@example.net,+914628733427,Legal Counsel,Legal,2026-05-26T10:52:14Z,company_portal
8baca1df-2dda-4f77-a86c-6804a9f11d53,Lipika Kibe,sacharomaja@example.net,03517518304,Operations Lead,Engineering,2026-04-11T09:26:58Z,company_portal
b3953fb2-5d65-42a2-89fb-f105f253f7e5,Varenya Joshi,ebaral@example.org,04033173936,UX Designer,Finance,2026-05-04T12:46:55Z,internshala
fe39b92e-74e8-4699-b6f9-155432a85b64,Jagrati Morar,ekantamandal@example.com,05877175355,Backend Engineer,Marketing,2026-03-03T10:38:56Z,naukri
b8480a6d-009c-4f8d-afb4-f8ce53482a8d,Amol Lal,kbath@example.org,9964235369,HR Business Partner,Data,2026-04-04T11:01:29Z,internshala
fcb3271c-40ee-463f-a6e5-fc6e7d097fa6,Vritti Sharma,xalaknazareth@example.com,+915228728080,DevOps Engineer,Design,2026-03-29T08:41:22Z,linkedin
b251c227-31cb-4138-8260-a03a99be5a35,Vihaan Bir,bavaabeer@example.com,2038750997,Operations Lead,Legal,2026-05-05T03:21:23Z,company_portal
d7fbfb0d-f269-424a-91f2-40f9fe72dfbc,Advik Badal,ababu@example.net,4840862118,ML Engineer,Data,2026-06-11T02:40:51Z,company_portal
2c19a68c-b39a-4d76-b5c6-b0fb0648cf91,Irya Loke,wrideshhanda@example.net,01567933410,DevOps Engineer,Data,2026-05-16T14:59:44Z,referral
53fa2b59-d41b-4698-9765-67b4f98e7176,Daksh Andra,raviladli@example.com,2176591803,Software Engineer,Data,2026-06-24T12:03:58Z,naukri
708ab8aa-af06-4de3-a6f3-7e6d39ef5160,Avni Bali,vaishnavimadan@example.org,+915039261429,ML Engineer,Product,2026-03-02T13:09:13Z,naukri
3b8d956c-9f06-4826-83d4-09a943b23cf3,Logan Brar,lopazachariah@example.com,5016315999,Content Strategist,Legal,2026-04-09T18:27:42Z,referral
3191806b-5ec7-42a3-bfb7-239f608c79eb,Shravya Swaminathan,bnarain@example.net,+915866296194,HR Business Partner,Finance,2026-04-15T16:25:39Z,referral
61adfa97-3bb1-446e-a7d9-f5354b6f7e24,Lajita Dube,ethanbutala@example.com,6551104754,Backend Engineer,Engineering,2026-05-31T14:09:52Z,linkedin
b5521707-5098-4761-abed-16196603f3db,Saumya Vala,deogagan@example.org,01015819956,UX Designer,Design,2026-04-07T16:34:19Z,internshala
3f8d5769-7da6-4f9c-9572-7fdb8d8d7527,Xavier Verma,manneodika@example.com,+916224447212,Software Engineer,Operations,2026-03-31T00:56:15Z,referral
14115455-bb68-4dc2-ad10-09ba5a90482b,Faraj Patel,amajumdar@example.com,03799371240,HR Business Partner,Design,2026-06-05T16:19:29Z,naukri
e26ba2ec-547b-48a3-9f3b-b438981b0613,Ria Natt,nnatarajan@example.com,09245937526,Operations Lead,Legal,2026-03-18T02:38:34Z,company_portal
d823641a-6ecc-431f-96df-478803d75078,Krisha Mand,bishakha79@example.org,05193982807,Legal Counsel,Operations,2026-04-04T07:21:19Z,naukri
138578cc-dfef-4042-92b1-2daee2f54eb5,Nilima Tata,rakshamanne@example.net,+914342661797,HR Business Partner,Design,2026-03-14T20:37:42Z,naukri
65ec9cb4-2f33-4778-9b6e-a0d80efcad6f,Balhaar Parsa,gwarrior@example.net,8911352909,Sales Executive,Data,2026-04-02T20:25:11Z,company_portal
17ea0d13-7f29-497a-8b78-4deadfcb833f,Advaith Chaudhari,ynarula@example.com,03888993756,HR Business Partner,Data,2026-03-20T00:27:49Z,company_portal
3613f47c-61a9-4577-ac40-6374a547faa8,Vasudha Cheema,jtella@example.com,06112545738,Data Analyst,Sales,2026-04-04T19:56:31Z,referral
49b07efc-d0fd-411a-8e89-bc1597f6f5c3,Sneha Nagar,epall@example.org,+914010512382,Marketing Specialist,Marketing,2026-05-07T11:36:45Z,internshala
4fa824b1-0c68-4a4e-ac62-f84bce366f82,Nidhi Gour,gangasandhu@example.com,+916609379660,Product Manager,Design,2026-06-13T14:22:40Z,referral
39c1dab7-fd54-4b1f-b045-c3f6255ac5f9,Harsh Yadav,sameshmallick@example.net,+915537147859,Frontend Engineer,Design,2026-04-15T20:49:23Z,referral
a1712ac5-c06a-481e-b9d0-7ac4fe06b14c,Indira Shankar,lramanathan@example.org,2499125134,Financial Analyst,Finance,2026-06-16T18:34:07Z,company_portal
9935feec-60bc-45e1-9f6a-a97d9380f632,Yasti Rama,goswamikashvi@example.net,09296627828,HR Business Partner,Finance,2026-03-15T21:08:44Z,linkedin
46e52bec-ad02-4f75-9d4f-e2d1b599f48a,Divya Seshadri,vrishtimani@example.org,0507236887,ML Engineer,Finance,2026-05-20T01:58:43Z,naukri
8180c065-827d-4a9d-ad0b-7508eac8fc8c,Vrinda Ganesh,aswamy@example.net,+919034043842,Frontend Engineer,Engineering,2026-03-07T19:53:22Z,internshala
21c52fd1-ff05-4d3b-bbca-04d45b2546b0,Ishaan Loyal,jtandon@example.net,5807836134,HR Business Partner,Engineering,2026-04-16T09:11:34Z,company_portal
69f1888e-e2f7-4875-9107-3744bdfd3862,Reva Dalal,senguptaadya@example.com,+913959629233,DevOps Engineer,Finance,2026-05-02T06:15:40Z,naukri
d253e54d-9120-400d-862a-0a84e4c01fcb,Ekiya Master,panchalavni@example.net,09481260422,Frontend Engineer,Operations,2026-03-16T17:36:26Z,internshala
25acc5d4-89ac-4cbd-b55c-a882b95ef717,Vrishti Dhar,madhavnagy@example.org,4667116845,HR Business Partner,Data,2026-05-17T10:06:43Z,company_portal
d5b73752-39e7-4b56-894e-c3cce3940d84,Girik Shanker,usura@example.net,5186363745,HR Business Partner,Engineering,2026-04-05T14:45:14Z,naukri
d04f1896-c1a0-4ac1-b340-ff594cd56e10,Hemal Bava,geetika89@example.org,+911701277063,Backend Engineer,Finance,2026-04-24T23:25:11Z,referral
9a697a3d-d480-4eb9-8798-904712a3e696,Jalsa Krishna,chasmumdutt@example.com,+915206436110,Content Strategist,Design,2026-03-30T11:42:03Z,internshala
3cb42209-b83e-4db2-8eec-00bdf0ee32b4,Zilmil Saxena,vanshabrahmbhatt@example.org,+910516271361,Software Engineer,Finance,2026-03-17T12:42:01Z,internshala
f401ea48-2cdc-4e8d-b499-535f39e9280d,Laksh Raja,chauhandhriti@example.com,+912189092753,Backend Engineer,Engineering,2026-03-11T15:38:22Z,linkedin
b1dd6990-8b32-4021-a452-02e610ff36e0,Harish Dey,nishasavant@example.org,+919656523413,Product Manager,HR,2026-04-07T00:24:59Z,referral
22fbd17a-afc1-4090-84b2-1737d8752948,Manya Merchant,avi43@example.net,0376137918,Sales Executive,Finance,2026-06-19T11:33:12Z,company_portal
6a9fa06f-657b-49a3-984b-1b12e84ece17,Osha Pau,pateledhitha@example.org,2710910430,HR Business Partner,Marketing,2026-05-19T03:29:18Z,company_portal
31fa636c-6482-4b3b-a242-8504c39f8645,Pallavi Ratti,raoyashawini@example.com,+918892414183,Sales Executive,Finance,2026-04-16T15:02:26Z,company_portal
b255f7a8-347e-4c2c-9d2b-f8250829664b,Dayita Sarkar,etaraman@example.net,3031617990,HR Business Partner,Engineering,2026-06-13T08:11:10Z,internshala
af1e0ee7-6577-4d0a-afcd-ff3d01608dc6,Advay Gade,parth10@example.net,05884252410,Marketing Specialist,Data,2026-06-19T03:09:37Z,linkedin
5e851940-11b9-4bc6-918a-eff97f32288a,Faraj Taneja,pushti48@example.org,08507925241,DevOps Engineer,Engineering,2026-06-21T10:16:49Z,referral
a08f4df2-9875-4348-ade9-36fdc81d71f2,Advik Konda,kariyashodhara@example.org,+917562208635,ML Engineer,Engineering,2026-05-21T12:48:31Z,internshala
6dad6bca-e92d-41a3-b26a-9b78472b03d1,Kashish Dar,omajanagarajan@example.com,0238061744,UX Designer,Design,2026-05-30T15:44:37Z,naukri
0e827982-a747-400d-aa05-33eaa2a0cfe9,Sai Manne,gabriel87@example.org,4937597383,Legal Counsel,Data,2026-06-07T00:48:12Z,naukri
1b8e3877-08dd-4de8-89e0-58aa102ed177,Hiral Andra,abeerrout@example.org,00641383670,DevOps Engineer,Marketing,2026-05-10T11:42:53Z,referral
c11dd299-617e-455d-9c41-e4f38acc7d98,Zinal Sachar,atichander@example.org,5719182619,Legal Counsel,Product,2026-03-03T14:13:56Z,referral
0fd5b65f-b6c2-4838-aadc-7305833518b4,Advika Murty,sarankalpit@example.org,05574313291,Data Analyst,Legal,2026-04-29T20:21:01Z,linkedin
147cc7e7-1e7a-4f51-b674-daf4582132bc,Dipta Ray,hiteshgala@example.com,+918537474112,Legal Counsel,Finance,2026-04-29T16:04:14Z,naukri
ae2a0ad7-2578-4da4-a25e-7e75f10a9e33,Yuvraj Parekh,banjeet35@example.org,08044206788,Data Analyst,Legal,2026-05-21T17:36:47Z,referral
abb476af-2e84-415c-a789-b239a7d233bc,Jairaj Arora,girindrashere@example.org,+913236519941,Frontend Engineer,Sales,2026-06-09T11:00:08Z,internshala
43f88159-0878-49a7-83d3-e58c36472e64,Kabir Chanda,bhattacharyyarudra@example.net,01070296670,DevOps Engineer,Legal,2026-06-05T17:44:22Z,linkedin
7108bf64-ffc4-45ee-84ef-3193364dcd13,Rachit Maharaj,lsandhu@example.com,07209993476,Operations Lead,Finance,2026-04-22T19:48:36Z,company_portal
05fdf90c-ea60-43ad-b25a-5cd3374ff5b9,Laksh Saini,fbhat@example.com,+918380657875,Operations Lead,Marketing,2026-06-15T20:32:06Z,linkedin
3cf098ba-0eb7-4b00-bd51-e18727aac750,Theodore Balan,lipika42@example.org,00785932133,ML Engineer,HR,2026-04-08T16:16:52Z,linkedin
623b9a0f-f186-4dba-994e-90aded247b68,Oscar Goda,daksh39@example.com,+919559059929,Marketing Specialist,HR,2026-04-06T01:31:53Z,referral
622a32a7-48db-4f75-91dd-7a7e5064f719,Baljiwan Chana,waidamore@example.org,+913930870593,Product Manager,Operations,2026-04-05T16:22:47Z,company_portal
75fbc35b-c615-46e1-86de-a8e30b0d0139,Anthony Divan,harinigoel@example.com,2185156915,DevOps Engineer,Operations,2026-03-01T15:32:14Z,naukri
9bde67b2-d6e8-4d7b-a196-64b1e6a58919,Vidhi Nadig,ekantika22@example.net,+918953926442,Financial Analyst,Legal,2026-03-30T23:25:41Z,company_portal
b74ae3ca-f8f9-4070-9d16-aa76633f1f0e,Qabil Nadkarni,aaravraman@example.net,3917251355,ML Engineer,Data,2026-04-27T15:50:55Z,linkedin
9c3c68ce-dc05-4380-9f61-fa59823bfbba,Alka Kadakia,gaurangnayak@example.com,+911541006762,Content Strategist,HR,2026-05-06T01:59:49Z,referral
946a9a78-b1e1-41f2-affe-d9d815972dee,Harrison Srinivas,ytailor@example.com,3271040541,Legal Counsel,Legal,2026-03-31T00:11:54Z,naukri
b9ddbe94-2fb0-43ee-a560-00437634297e,Falan Chander,oommenonkar@example.com,09970629620,Software Engineer,HR,2026-04-24T22:10:30Z,company_portal
aa423516-f939-486f-943e-76ce6a03f5ce,Alka Manda,narulasamesh@example.org,03106987205,HR Business Partner,Data,2026-05-24T22:27:42Z,company_portal
d3fdbc43-b33e-43bc-9dee-b21e9619ad94,Ryan Chatterjee,sanegagan@example.com,+913241714677,Marketing Specialist,Sales,2026-05-10T01:53:14Z,internshala
a4ee4570-0821-4ff5-926c-25fbe037af20,Lakshmi Pingle,gavin86@example.org,+917047743490,Operations Lead,Engineering,2026-05-06T14:23:31Z,internshala
931fc4f6-7dec-497b-b789-9f76b1c49b10,Odika Karan,gunbirchada@example.net,0686879374,Data Analyst,Data,2026-05-23T03:30:34Z,naukri
6093ce6d-75b9-441a-b1f1-f0b1a9827f1c,Jai Sen,ranabakhshi@example.net,+912332061632,Operations Lead,Data,2026-03-26T08:57:32Z,naukri
4799edec-5820-4951-932d-3a40e4a30881,Eshana Majumdar,ekaja11@example.com,7099861622,HR Business Partner,Engineering,2026-03-25T22:30:13Z,linkedin
abd694c8-8347-44fb-a062-21b6ede3e237,Nirja Lalla,cherianharrison@example.com,07997024629,UX Designer,Finance,2026-05-03T02:39:35Z,referral
cc2a0a51-8812-4774-9874-5487e940cf9a,Chandran Soman,zbarad@example.com,05054447132,Backend Engineer,Legal,2026-04-30T18:52:24Z,company_portal
67aa3c58-2173-4690-9bf4-04f4d2f84f74,Gaurav Guha,saanvi54@example.net,03678508214,Operations Lead,Operations,2026-03-29T08:20:35Z,company_portal
addf7a71-8de7-4cbe-a5c5-44ccf4c14ebb,Oscar Hans,xdeshmukh@example.net,+910307053457,Frontend Engineer,Operations,2026-04-07T14:54:19Z,company_portal
102481c1-ab00-46d9-a728-649c6d4bff3c,Kashish Suresh,rdasgupta@example.org,7279855241,Frontend Engineer,HR,2026-04-21T22:20:27Z,company_portal
246ba310-980c-4d46-8c07-5a907bb33c68,Timothy Kar,ayaan60@example.org,3468007229,Sales Executive,Data,2026-04-30T16:55:48Z,linkedin
c820d8d4-89f9-4c67-b1b3-c51920363b46,Anvi Sampath,kapurzayyan@example.net,05743748969,Marketing Specialist,Product,2026-05-22T20:23:20Z,internshala
9ff616d4-e354-4d29-bc9d-956a58c70f5e,Barkha Misra,ambleyasti@example.net,1715454443,UX Designer,Data,2026-05-24T07:02:10Z,naukri
dcff5d40-1852-4496-8419-69bfe8e4da8c,Ekaja Dey,zansikhosla@example.org,0744666099,Frontend Engineer,Legal,2026-05-06T13:18:55Z,internshala
b94e8e50-2167-4476-9bb2-f5fb7e2d40c7,Jagrati Tripathi,hemalkapadia@example.net,02824172482,Sales Executive,Product,2026-03-05T08:39:01Z,referral
23fff74b-cdfc-47d4-ae09-b7ef8b42ddb5,Osha Narula,gaurav35@example.org,04947170999,UX Designer,Marketing,2026-05-02T17:17:18Z,referral
41dd9409-a1dd-4105-b17f-9592f47ca134,Lakshmi Wagle,sodhirobert@example.net,06022356972,Software Engineer,Operations,2026-05-01T13:13:40Z,referral
5ba00f81-9054-48e3-bfdb-8cae319d9503,Dhriti Bhardwaj,pranit17@example.com,+917432927129,Software Engineer,Engineering,2026-05-06T23:30:48Z,internshala
f09cc86b-e1df-443f-84ba-f0ee3f305425,Leela Agrawal,zsanghvi@example.com,+918350583003,Frontend Engineer,Design,2026-05-03T12:26:29Z,naukri
a02fbb79-475f-4af5-b076-f989a5a00462,Leela Thakur,hemanginimuni@example.org,4210447898,ML Engineer,Engineering,2026-06-09T07:48:13Z,internshala
de2f2ac2-9689-4b28-ae86-2bebee349ece,Raghav Gala,radha25@example.com,00332309821,HR Business Partner,HR,2026-05-05T00:46:46Z,naukri
fd5e4026-2a5e-4ca5-9794-982a35f6e1a1,Chanakya Chokshi,baljiwan64@example.net,0016761847,Product Manager,Engineering,2026-04-24T02:05:31Z,company_portal
cf9e4a08-854c-4db4-bd01-6bd76ffe69e6,Harrison Venkatesh,sameshandra@example.com,09926189141,Data Analyst,Product,2026-03-28T11:31:03Z,naukri
d0eaf596-063e-46b3-a95a-952e5157c04b,Adya Virk,tankrushil@example.net,+915642087375,Data Analyst,Legal,2026-03-25T18:11:30Z,linkedin
ec38649c-6d43-4fb0-b67f-fed0f0129dbf,Indrajit Tak,aarnavarya@example.net,+911811437447,Product Manager,Legal,2026-05-30T18:47:52Z,company_portal
8c3f148c-4e6f-4992-9700-10d595fb3efb,Jagvi Munshi,chaudhryowen@example.org,01100225579,UX Designer,Product,2026-06-12T16:55:30Z,internshala
2c6b2f7b-17a4-40fd-b44d-c44677a7c52a,Nandini Ratta,girik55@example.org,04676212021,Legal Counsel,Legal,2026-04-09T10:23:07Z,internshala
7f2f0533-7579-4beb-abc5-416eb6d18b9b,Pratyush Raghavan,zsubramanian@example.net,09027716701,DevOps Engineer,Operations,2026-05-16T10:07:07Z,naukri
711693b0-f80b-47ce-9076-f13fe92ff091,Hamsini Venkataraman,dipta08@example.net,9163756289,Content Strategist,HR,2026-04-02T18:20:50Z,company_portal
83f7f123-5824-4a4a-bff0-7e9938f1e85d,Warhi Gandhi,aptenaksh@example.net,+917535408386,Financial Analyst,Sales,2026-03-06T23:10:15Z,internshala
9472599c-0d35-45e7-80fc-5178bc0ef2ad,Sara Chakrabarti,fkeer@example.com,07517016608,Legal Counsel,Product,2026-06-17T13:12:12Z,referral
f6fd0f81-4a02-4c17-9c6b-797757fac790,Tanmayi Om,chanddaksha@example.net,00375899757,Sales Executive,Product,2026-05-19T06:26:53Z,referral
a995b464-7b42-4c7d-a443-e1489e624a41,Isha Manne,chatterjeetristan@example.org,8510272614,Product Manager,Operations,2026-05-13T16:02:39Z,linkedin
2be7a10a-3daf-4b37-be81-5e819ce40546,Tanvi Halder,raghavdara@example.com,5160917798,Software Engineer,Finance,2026-05-29T20:24:07Z,naukri
1ab89e8a-4b0a-4240-ba94-d05ebf94f1e0,Rachita Subramanian,wishiagrawal@example.net,2922169958,HR Business Partner,Sales,2026-03-05T22:32:10Z,linkedin
65a0eb57-90d4-49e8-af05-e2743094a4e4,Anusha Rao,msahota@example.net,04722698485,Sales Executive,Sales,2026-05-15T07:08:22Z,naukri
92c56544-b74d-46d1-ad12-b8cf1272347f,Hemani Deo,saikadakia@example.net,2885158799,Backend Engineer,Data,2026-06-15T10:10:30Z,company_portal
dd760125-1704-4235-b01d-99821dcae1fc,Hredhaan Bakshi,swalla@example.com,02003424420,Backend Engineer,Data,2026-03-06T17:16:41Z,naukri
4ae7ef52-b902-495f-a80a-39b05af70569,Harsh Kapur,samar80@example.com,8638406665,Operations Lead,Data,2026-06-06T23:00:02Z,referral
cce8d345-c8e4-4b92-b1b1-e5886aa76063,Umang Pillai,aryazayan@example.org,8933472122,ML Engineer,Design,2026-05-08T15:57:35Z,linkedin
57f1635f-bc42-4f23-a111-de857372e73a,Aishani De,purohitbanjeet@example.com,+919405720259,Product Manager,Sales,2026-06-17T15:57:48Z,internshala
92b092af-d0ac-4447-9cf3-1ac4d4e21fb5,Elijah Nadkarni,mitravritti@example.net,3281826886,Content Strategist,Sales,2026-03-10T17:11:59Z,naukri
817adaa9-b180-477e-8a5b-488dc7958d3a,Garima Patel,pallatimothy@example.org,03987801573,HR Business Partner,Sales,2026-06-05T02:22:00Z,naukri
04b394fa-b671-4f44-b487-afbdfa726bf1,Libni Kunda,balveernagi@example.com,4085887704,Operations Lead,Operations,2026-05-07T09:08:15Z,naukri
d49a9314-ee94-404f-8035-29d3835214e9,Oliver Yogi,ekanivarkey@example.org,0133613861,Data Analyst,Legal,2026-04-05T05:47:33Z,linkedin
cc13ae04-9d30-459d-8573-2550dd987f34,Baljiwan Chahal,arjunsharaf@example.net,+910248193466,Frontend Engineer,Marketing,2026-04-06T08:29:50Z,internshala
d45dc8d9-0efc-4ba3-abc4-992e87c5c9e4,Lopa Dani,bravel@example.com,0919015814,Software Engineer,Product,2026-05-11T15:05:52Z,referral
93bdb923-0f6c-40f6-8a60-bee8ff68649a,Azaan Som,gabriel47@example.com,+918326842450,Legal Counsel,Engineering,2026-03-09T13:16:29Z,company_portal
d287f57b-7909-4e77-8427-2ae09e7325ef,Frederick Mody,jatinbarman@example.org,+915368222394,Software Engineer,Design,2026-03-09T08:23:28Z,naukri
17548196-4d3d-48ed-9b5a-d8ff5465e639,Triya Bora,ishwargolla@example.net,01413975523,Backend Engineer,HR,2026-03-20T11:21:00Z,company_portal
5e860605-2510-437f-89df-bba7b7171a7c,Vedika Seshadri,maneekaraj@example.org,09492995562,Legal Counsel,Finance,2026-05-25T00:05:46Z,naukri
5e3e8c08-e76d-4f28-97ba-a6b001241057,Aradhana Parsa,munshiyatin@example.org,+915777547812,HR Business Partner,Marketing,2026-06-11T12:40:35Z,naukri
1edab7ba-752c-47d7-9780-38fb69d62e29,Adya Bose,mandlogan@example.net,1080996930,Marketing Specialist,Product,2026-04-25T12:34:02Z,referral
377755dd-03a8-4b96-ab0a-c24a0e559c34,Bina Desai,urmi25@example.com,08816580392,Financial Analyst,HR,2026-04-26T04:54:01Z,company_portal
63d72812-0535-4941-a564-bf9974997eb6,Veda Parmer,sanayadutta@example.org,+913731453038,ML Engineer,Operations,2026-04-12T11:39:15Z,linkedin
f0a83603-ab02-4ba2-8dc3-a589b3118dd1,Ekiya Chauhan,lipika77@example.org,8449892665,Data Analyst,Marketing,2026-04-01T22:15:16Z,company_portal
07afd320-e14b-4bd7-b72e-acb82ac8a408,Zaitra Ravi,varughesezayan@example.com,05779082723,Data Analyst,Finance,2026-04-27T11:19:54Z,internshala
e50cf4db-b2d9-42cd-8e1e-7970d33a3a72,Rachit Dugar,varkeyavni@example.org,09136517773,Backend Engineer,Operations,2026-06-29T00:31:57Z,naukri
5553dd69-644a-4d55-ad7f-bbc6feea6a3d,Joshua Dyal,nirjabains@example.org,+918092024286,Software Engineer,Data,2026-04-10T00:01:25Z,internshala
5c9f2145-3c0d-40af-bd9b-eeacc34dc4c2,Urishilla Subramaniam,manderfrederick@example.org,+913692929842,Legal Counsel,HR,2026-04-19T23:52:58Z,naukri
33e7a5a5-502e-4a17-b476-e2741182ec28,Kritika Rajan,sudiksha99@example.org,+911038862912,UX Designer,Sales,2026-06-19T05:22:07Z,internshala
49ed1623-b611-4010-a881-c1e622888099,Girik Subramaniam,ybarad@example.net,2980686508,Content Strategist,Sales,2026-06-03T19:19:51Z,naukri
8e2db744-a00c-44ac-a337-4914010fa4b6,Inaya Chaudhari,zkarnik@example.com,02473149864,Data Analyst,Engineering,2026-03-27T02:58:34Z,internshala
48e63894-cec9-4294-984c-6fdc3d22ca21,Zinal Amble,abdulamble@example.net,03565126944,Frontend Engineer,Design,2026-05-13T18:41:23Z,company_portal
d33b777e-d704-417a-8d05-29043f23dd6e,Samar Sachdev,npau@example.com,8725887449,Software Engineer,Operations,2026-03-14T06:48:03Z,naukri
4b006c1a-e8c7-4e61-933e-05eb8d70be37,Sanya Edwin,mitali21@example.net,+913865890260,UX Designer,Product,2026-06-11T03:30:38Z,naukri
fecf2626-083b-4939-ad7d-3bfc52bea676,Gaurang Bhatt,dhillonurishilla@example.net,03519066984,Backend Engineer,Design,2026-06-06T10:27:54Z,naukri
ffc09041-d0c3-41ec-866a-04f2a9beb81e,Saksham Vasa,gillwarda@example.com,03098839205,Operations Lead,Sales,2026-05-03T13:43:24Z,naukri
ba156909-56dd-4073-83e1-0db37f3d5cff,Mugdha Pandit,aadidugar@example.org,6693801184,HR Business Partner,Data,2026-03-27T13:17:09Z,naukri
15606c8b-7daf-431d-9afe-f18b2cf32184,Suhani Raval,idika43@example.net,0426818184,Product Manager,Finance,2026-03-14T04:48:55Z,referral
9994c108-c2f5-4967-becc-f0bc82da8be0,Saanvi Purohit,jackson84@example.net,7357790714,Operations Lead,Design,2026-03-04T20:35:41Z,linkedin
62c9156f-927d-44e9-bbd5-1529129b1f2b,Diya Sachar,rajathomas@example.net,08804341651,DevOps Engineer,Finance,2026-05-06T14:29:26Z,company_portal
6ff4ecf4-e286-4077-8866-ae043010a904,Amruta Goswami,vamakshimurthy@example.com,3733343333,Sales Executive,Engineering,2026-03-22T15:40:04Z,company_portal
9e4726ee-49e9-4a54-a28b-f735e034e1bc,Abeer Basak,nachiket11@example.org,05957947284,ML Engineer,Legal,2026-05-02T06:31:33Z,internshala
2cfd9218-7f16-4fad-bbfe-f51dab0e2aab,Chatura Vora,wkapadia@example.net,07808562718,ML Engineer,Design,2026-03-26T04:00:27Z,naukri
5279e485-7c7f-442c-b68b-b15b3f6737eb,Shivansh Raghavan,smutti@example.org,1559428434,HR Business Partner,Marketing,2026-03-16T15:55:46Z,company_portal
fd6abd58-eac1-4744-b7be-49fad4bb24ee,Panini Kade,xoza@example.org,05564729293,DevOps Engineer,Operations,2026-03-14T01:46:31Z,naukri
64d7d151-2297-4999-8f8f-b8ef2535d0c7,Lakshmi Hayre,madanwarinder@example.net,+912702672885,Content Strategist,Marketing,2026-04-01T19:50:14Z,referral
ab8ed36b-85e7-4b1a-a21b-5abc5abc26df,Mitali Chaudhary,qmital@example.net,2034717545,Legal Counsel,Finance,2026-05-13T20:58:56Z,referral
5b35936b-be30-44f4-a4db-59319118ccca,Indali Issac,aarini50@example.com,9824558771,Software Engineer,Marketing,2026-04-10T11:32:46Z,naukri
3b3b3653-c2c5-4ded-ac10-7c8c2abc9086,Oliver Nazareth,dmangat@example.net,09961125355,Financial Analyst,Design,2026-04-16T05:13:51Z,naukri
2b4f3816-a573-46c8-8cf7-76bd854e49d5,Janani Verma,amara96@example.com,06220234132,Product Manager,Operations,2026-06-22T01:22:22Z,internshala
223c19b3-66b6-4c4f-bb29-66944d56a0e5,Chatura Bal,gchauhan@example.org,08114921643,ML Engineer,Product,2026-04-25T18:41:22Z,naukri
1a4dd2fb-b0ef-4a96-acf5-81393692b097,Karan Vyas,bhanumatisavant@example.net,+910055778487,Operations Lead,HR,2026-06-09T21:12:24Z,linkedin
9ddb772b-85d7-4a55-b801-27f9457d80ca,Dayita Palan,petershan@example.net,08317456424,Financial Analyst,Design,2026-06-01T06:05:02Z,linkedin
36ab1a38-f596-4a58-b038-b3f8d71234ce,Upasna Warrior,acharyalaban@example.com,+917740649308,DevOps Engineer,Sales,2026-03-30T01:54:43Z,company_portal
9b827daf-428a-424b-af33-2885b3db2458,Zaid Gade,ranbir68@example.com,6634163894,Backend Engineer,Product,2026-04-13T01:29:25Z,company_portal
f1d2ebd2-0ced-4d26-9de9-777cce0be121,Laban Mann,amruta63@example.org,+917974973502,Financial Analyst,Marketing,2026-03-17T15:02:12Z,naukri
fe23eac0-02d2-476d-a8bd-d4da0acfbfc2,Baghyawati Luthra,warrioranthony@example.org,+917031207356,Software Engineer,Legal,2026-03-16T04:34:46Z,linkedin
d257566c-15ea-4a8e-be3c-93c1276cfa14,Ganga Buch,wishi57@example.net,+910461872346,Backend Engineer,Sales,2026-05-14T15:47:17Z,referral
c3692842-35ed-40da-8c0b-70265520e140,Yug Bandi,darayuvraj@example.com,+917183764520,Financial Analyst,Product,2026-06-11T16:41:55Z,linkedin
c582f1f4-9ce3-4d04-af4c-9eb18c530bbf,Rushil Patel,kulkarnivasana@example.net,+913136502491,Product Manager,Sales,2026-04-04T02:12:18Z,linkedin
56b3d144-446e-4c50-b4ae-4af93a40c043,Mohammed Prabhu,akibe@example.org,+913271950052,Marketing Specialist,Engineering,2026-06-20T07:33:48Z,company_portal
7e69f3a0-a8da-440c-84c4-6011fce9965a,Idika Sarna,dassvinaya@example.org,3065240778,Marketing Specialist,Finance,2026-04-20T15:20:12Z,referral
1636f55f-9769-48b3-9c12-2b63c489c358,Ekiya Sidhu,vrishti39@example.org,09821827448,Operations Lead,Finance,2026-05-12T19:51:15Z,internshala
ba5cf79a-c6df-40f0-b6f4-3b5c8e15341f,Anirudh Patla,sudiksha08@example.com,3518638782,Product Manager,Design,2026-05-25T06:46:15Z,linkedin
8a84d38b-1019-4706-a60d-f8daa92ef193,Ekalinga Bassi,ekantika65@example.org,+912031731096,ML Engineer,Finance,2026-03-02T21:27:33Z,internshala
c68bcc2c-85f9-4533-ac7d-811af3774fa2,Chandran Peri,nvora@example.net,+919103717058,HR Business Partner,Legal,2026-05-13T11:32:55Z,referral
6c43c0e3-aafd-48ca-a4fa-0c030e186a96,Amaira Wadhwa,ypillay@example.net,+911413811386,HR Business Partner,Sales,2026-05-15T03:49:13Z,naukri
6cf85dba-da0a-4267-9858-94c4f66391df,Praneel Sagar,reyanshvora@example.net,1957612286,Backend Engineer,Engineering,2026-05-10T15:59:17Z,naukri
82944d21-c967-49bf-9caf-9217c46bd67b,Divya Nair,nakul89@example.com,06659398368,Backend Engineer,Operations,2026-05-04T09:26:10Z,referral
cc938a3c-9cd5-488e-b327-981faeecb104,Bakhshi Mane,jagvi77@example.com,0824043350,HR Business Partner,Marketing,2026-06-14T21:40:31Z,internshala
50fe7a15-c6ba-4159-9c9a-60e087b7d26b,Girindra Barad,yasti89@example.net,05224593344,Backend Engineer,Finance,2026-05-02T03:44:13Z,company_portal
f8770d6e-1559-4251-85a4-af1283d2a71c,Ekta Subramanian,rattateerth@example.net,+917919409610,ML Engineer,Sales,2026-04-01T12:53:15Z,referral
887a139b-e2af-4f73-994b-b456e8011303,Advay Raja,ijaya66@example.org,+914805892583,ML Engineer,HR,2026-04-15T13:05:47Z,linkedin
ce0d6951-2ab6-4a3b-9f6a-ee9e7e8ad873,Tristan Sankaran,chandreshramaswamy@example.com,06225179086,Financial Analyst,Legal,2026-05-14T04:26:17Z,company_portal
2eb35291-e8c2-44b7-980b-6fea64b3f0f5,Krishna Srivastava,frederick68@example.com,3769389833,Sales Executive,Sales,2026-03-09T15:04:45Z,linkedin
c9b6d25e-08c7-4a77-bb17-a307fc6167ff,Isaiah Sachdev,lataqushi@example.com,05535590425,Sales Executive,Engineering,2026-04-13T09:18:30Z,internshala
f51d7c29-e8f5-472d-93a5-d79ea3633360,Ryan Prakash,cdhingra@example.org,+911103924051,Content Strategist,Legal,2026-06-19T17:20:03Z,naukri
cc964422-9ef5-437b-81f7-5a70c00d9250,Siddharth Jani,shivani70@example.com,8487920698,DevOps Engineer,Data,2026-05-04T16:08:07Z,internshala
f230da45-a272-47ad-9f2a-6577f5f6b99e,Sai Madan,kumeronkar@example.org,+917016451046,UX Designer,Data,2026-04-21T19:57:44Z,internshala
84472e62-d337-4d10-8b59-a8c808f20689,Diya Sundaram,lajitatrivedi@example.net,8123878003,Backend Engineer,Design,2026-05-11T13:53:29Z,linkedin
b8ac0c3b-6a6d-4863-a709-a9314e6712be,Andrew Palan,gauri76@example.net,5543840460,Sales Executive,HR,2026-06-21T14:10:27Z,linkedin
8845bde3-7642-47db-ad03-35fe92609c16,Gagan Raja,umang25@example.com,9363926495,Marketing Specialist,Design,2026-03-08T16:53:14Z,linkedin
83e13278-39df-48bf-b3f7-c849b10a3447,Samaksh Devi,ndeep@example.net,08262925188,Marketing Specialist,Finance,2026-05-02T22:34:57Z,referral
a5ee5e79-ee37-4fb8-b995-e4287dce7a4c,Eiravati Sachdev,goureesha@example.org,04742312209,Product Manager,Operations,2026-05-21T06:07:31Z,company_portal
82f26ae4-cc05-43ef-81f6-722209d8d9f7,Jagrati Buch,vihaan93@example.org,7289752677,Operations Lead,Sales,2026-03-18T03:56:44Z,referral
79a74872-a260-4b65-bcc4-777595a1853c,Nilima Aurora,nihalhans@example.org,06333127975,Content Strategist,HR,2026-05-10T08:19:46Z,company_portal
6c17c989-138d-473d-9aa9-c7839752de5d,Lajita Munshi,bkoshy@example.com,09998808177,DevOps Engineer,Product,2026-04-24T11:22:10Z,naukri
ff3a849a-ed0b-4641-8fde-c780e51a7350,Balveer Ram,korpalzilmil@example.net,0347644726,Product Manager,Data,2026-06-14T14:58:35Z,naukri
64f5ffbe-ed89-46d4-a727-da3268151953,Gautam Tella,chatura82@example.com,+912982665702,Marketing Specialist,Product,2026-03-13T00:37:54Z,naukri
7927a98b-bb6e-4e96-be0f-aad6c635678a,Ekiya Gade,djaggi@example.org,1117518689,Sales Executive,Operations,2026-06-26T13:01:52Z,linkedin
4921bada-fc28-4656-a63e-7d43de39ad39,Gautami Doctor,kritikarai@example.org,+912206447421,Marketing Specialist,Sales,2026-04-01T22:26:25Z,internshala
4822bb82-01b2-4711-b454-af8f68a10178,Advik Shanker,samakshaggarwal@example.net,07809733977,ML Engineer,Marketing,2026-04-16T06:11:21Z,linkedin
87cd4254-0863-49a7-a513-1934353c4a0c,Yash Mall,fsathe@example.net,8302205020,HR Business Partner,Engineering,2026-05-14T20:12:28Z,internshala
14278f19-3d0a-443d-a058-0614bef9358a,Pranav Edwin,garima10@example.org,4999827950,Marketing Specialist,Legal,2026-03-12T05:32:56Z,referral
7da4fba2-34a7-4ea6-b9f8-1dae29748d41,Ekansh Sane,mistryekantika@example.com,1472145868,Backend Engineer,HR,2026-06-16T23:17:03Z,company_portal
c8ed6a30-b3a6-45a2-8ca7-785d66fc125c,Veda Mani,shauryabhardwaj@example.org,09548995299,Data Analyst,Design,2026-04-10T23:06:01Z,linkedin
0759e167-ec18-4828-ad3f-2e37bb16e4e7,Waida Gole,uvenkatesh@example.net,3430107139,Sales Executive,HR,2026-06-22T00:28:33Z,linkedin
1610588b-47e5-43be-b515-54020d5e351f,Simon Apte,csachdev@example.com,3441448850,UX Designer,Operations,2026-06-10T08:56:57Z,referral
66d68df1-a7fc-4c40-b86c-177670b08afe,Parth Hari,nathharita@example.com,05770272785,HR Business Partner,Marketing,2026-04-14T18:40:33Z,internshala
d728b212-c4df-454c-a11b-aeeea6c331f8,Diya Wason,vsachdev@example.org,+913955124056,Legal Counsel,Design,2026-04-08T20:37:28Z,naukri
6dd7e111-25ed-405f-b6f0-902e0563c8e1,Darika Murty,lopagrover@example.net,0461735743,ML Engineer,HR,2026-06-10T00:25:21Z,internshala
99d733a1-b7e6-40b6-a8d2-322850451489,George Sawhney,parth15@example.org,0782357845,Sales Executive,Engineering,2026-04-10T23:56:20Z,company_portal
bb7ea056-5bd7-4fef-939b-dd89b6087cae,Samesh Bansal,guneetvarty@example.net,06810409157,HR Business Partner,HR,2026-05-18T01:20:48Z,referral
8107050b-7667-4fd4-86d6-f991d3edbcbe,Shaurya Nagi,chauhandevika@example.org,+913448571422,Data Analyst,Marketing,2026-04-19T19:39:26Z,internshala
c2e3dd45-677d-4d12-b8d2-4fc9a216cec5,Samuel Palla,ishwar09@example.net,5424932149,Software Engineer,Finance,2026-04-20T14:21:20Z,company_portal
86b0956f-42cd-43ed-91d3-9572c64b7497,Chandresh Cherian,sachi02@example.org,00166299795,Data Analyst,HR,2026-05-23T09:19:29Z,linkedin
9b8d7aab-0f31-43ae-9928-58fed6ce7ef2,Karan Chander,gaurangi38@example.org,7174773329,Backend Engineer,Legal,2026-05-19T01:24:43Z,linkedin
8d7d035d-c516-4cde-b0f5-0acd92c8ad93,Ekta Setty,januja62@example.net,00171577245,DevOps Engineer,Marketing,2026-06-19T10:11:02Z,referral
a58619c2-58b9-4f27-8fd0-bc1aed52242a,Eshana Bobal,yashodachauhan@example.com,08769639382,DevOps Engineer,Legal,2026-06-04T19:02:56Z,referral
6b43385a-3bf4-4858-8b9c-16dba73c357d,Raagini Saran,erajagopalan@example.com,5832197199,ML Engineer,Operations,2026-06-15T22:09:01Z,referral
9bf94675-a17e-4349-ac64-d78298574d7e,Patrick Morar,jnanda@example.org,01919657013,UX Designer,Data,2026-03-07T09:09:13Z,company_portal
1bba0e19-5ff0-4266-9562-64b094c78273,Sneha Wali,aadidin@example.net,06997335494,DevOps Engineer,Legal,2026-05-31T14:14:40Z,linkedin
36e8115f-f8aa-4479-8bfe-36fb0d7066bb,Yashvi Raval,fpadmanabhan@example.net,+914058008514,ML Engineer,Design,2026-05-06T09:42:09Z,referral
d8095835-bf1f-4ac5-95a7-785236db7ed6,Eesha Raja,keerrachana@example.net,06683272386,Sales Executive,Design,2026-03-16T08:18:37Z,linkedin
6cec2a91-b4c3-405d-ba13-445814e2dec2,Krish Apte,omisha24@example.net,+910276212679,Product Manager,Engineering,2026-06-24T05:45:09Z,company_portal
cfa57b79-c97a-4407-bbc2-162ee1367d5f,Shivani Rajagopalan,dgole@example.net,03269097384,Legal Counsel,Marketing,2026-05-14T01:03:19Z,linkedin
797cc2d7-cd24-42cf-9c66-2f74f6388e94,Jyoti Chowdhury,cperi@example.org,7128478189,Sales Executive,Engineering,2026-05-26T09:51:02Z,referral
22a3fbf4-21d6-4b7b-9e94-d82034906cae,Devika Bera,korpalurmi@example.net,08077879565,Operations Lead,Product,2026-04-08T12:04:42Z,linkedin
f66dd581-4ae9-4a1d-829f-4150ebd26080,Abha Bhat,bimala20@example.net,7929049047,HR Business Partner,Marketing,2026-03-28T18:25:47Z,internshala
83763ce4-19e7-464a-b70c-0b0066759f1f,Zayyan Deo,dateyashasvi@example.org,4440192927,Data Analyst,HR,2026-03-05T23:12:45Z,internshala
38f3ed19-7445-4824-8db7-c2ea25bd3c54,Bachittar Oza,parth43@example.com,+912927663723,Legal Counsel,Engineering,2026-05-17T05:24:00Z,internshala
26b08229-20a4-4086-ac23-91d2e029ee03,Ucchal Rastogi,chatura41@example.org,04783667428,HR Business Partner,Engineering,2026-05-01T16:11:51Z,linkedin
8c777135-c614-4a42-9665-d459a5a31706,Diya Wagle,sarora@example.com,0185694544,ML Engineer,Finance,2026-03-28T05:40:46Z,naukri
87c19320-7ace-484d-841e-0ccca2914faf,Robert Venkatesh,kumermahika@example.com,02580010618,HR Business Partner,HR,2026-06-08T06:45:30Z,linkedin
dc2b200d-8e85-4635-a9b4-950ebe7564ff,Zayan Hans,sehgalindali@example.org,+910910939111,Marketing Specialist,Legal,2026-06-13T13:23:09Z,referral
b211aa7e-73be-462a-b276-da94a58a7bc8,Zehaan Menon,keyagoyal@example.org,01746542140,Product Manager,Sales,2026-06-16T11:47:43Z,internshala
7c292503-2fc7-45c3-aa92-3b5836fb34a9,Alka Gokhale,vrama@example.org,01739627128,Operations Lead,Marketing,2026-03-07T13:53:59Z,naukri
2e149b06-ce39-4281-98c6-3139ee6935fd,Riya Lad,nkamdar@example.net,+910119470720,Operations Lead,Sales,2026-03-05T05:50:56Z,naukri
ca2a1bcb-9cde-4242-b456-3b1e3c197a7d,Mahika Aggarwal,ramakrishnanamaira@example.org,7766183067,Legal Counsel,Finance,2026-03-23T01:51:29Z,linkedin
d07d0669-3b03-4ad8-acf5-6fbd9785829a,Nandini Bhakta,wasonjagrati@example.com,1585174328,ML Engineer,Operations,2026-06-07T00:41:19Z,referral
7fec0fd6-1c92-49a7-a068-b6ab8f1a8c67,Hredhaan Parmer,rajagopalanrayaan@example.com,01732030937,HR Business Partner,Data,2026-04-06T17:37:32Z,naukri
5dff8345-5b91-4099-acaf-3dbbf1f3cc1c,Xalak Walla,ybhatnagar@example.net,00050506138,ML Engineer,HR,2026-04-24T10:21:40Z,naukri
877d8b6b-f078-4661-a4f7-04e22a337216,Ekbal Bansal,jyadav@example.net,2707903202,Frontend Engineer,Product,2026-04-09T11:14:40Z,company_portal
a89d8999-7168-4f47-bada-37ec72c35a8c,Devansh Cherian,mohantygunbir@example.com,+917993136565,Marketing Specialist,Sales,2026-04-07T09:01:57Z,company_portal
2f3877be-8b1a-4198-8a87-4ee769d78356,Oscar Nayak,devanekanta@example.org,+911426258273,Backend Engineer,HR,2026-05-30T14:32:52Z,linkedin
a392e0fb-d693-4312-9974-8e9cabed27ee,Nakul Babu,deolharish@example.net,01002194672,ML Engineer,Product,2026-06-11T12:45:31Z,linkedin
ee518e33-3892-4ce3-b772-e9d186e3a337,Nisha Khare,lukemadan@example.net,+919092791456,Data Analyst,Marketing,2026-04-06T09:12:23Z,referral
16ea04f2-78c6-4800-994e-78a69d253f03,Janaki Zacharia,keerrehaan@example.org,3734031277,Software Engineer,Legal,2026-03-13T05:01:16Z,internshala
0a61c7bf-5efc-48bd-b509-7b4a059adfb2,Bhavani Kadakia,nathanielbassi@example.org,04597010822,Marketing Specialist,Product,2026-03-12T04:15:45Z,naukri
e2703d0a-4737-4be8-bf99-e3f0cedc2dc7,Wahab Saxena,sundaramyutika@example.org,9563531531,ML Engineer,Finance,2026-04-21T14:00:37Z,linkedin
f940275c-ee16-4296-9660-990c82bc1d20,Ethan Sinha,nitaraiyengar@example.com,7062397265,Legal Counsel,Sales,2026-05-04T09:26:48Z,company_portal
e820dc06-2472-439b-8c36-499eeeba6dbe,Anamika Jain,tanvihari@example.net,02090421776,Legal Counsel,Operations,2026-06-09T03:04:59Z,referral
399c406d-ebb5-4880-a532-5b22fd08d42f,Onkar Karpe,hemalkannan@example.com,+916873977406,Backend Engineer,HR,2026-05-30T04:48:07Z,referral
0d85f6f7-a0d5-4e8f-a785-087b176a61e6,Manthan Ahluwalia,yugnarang@example.com,00078068671,Marketing Specialist,Operations,2026-06-08T05:33:45Z,company_portal
5fb2fb70-a822-4632-8899-885859adb4ef,Niharika Kamdar,ptandon@example.org,+915431074279,DevOps Engineer,Sales,2026-06-06T22:29:33Z,internshala
32cc57d4-4d20-4590-ba23-8b0d6044d906,Qasim Prabhakar,shaubika@example.org,7016580464,DevOps Engineer,Finance,2026-05-16T07:55:09Z,internshala
2935e2cc-4bc3-4e2a-8a8a-5c04f6af32b3,Yutika Patla,farisnayak@example.net,+911657905528,Backend Engineer,Operations,2026-03-02T02:26:17Z,linkedin
d1c4b5f7-9ab5-43db-9c48-5ac916b5e585,Ishaan Sridhar,jayaramanlakshit@example.com,9335548640,Content Strategist,Sales,2026-03-02T23:46:29Z,linkedin
55805e49-f3a5-45b0-963f-beb9910f0bc8,Yachana Vyas,pradhanhemani@example.com,+917884795137,Sales Executive,Sales,2026-05-25T05:05:49Z,company_portal
a75d076f-1420-4c6c-890f-d0262ce023b9,Faraj Chopra,buchmahika@example.org,+914127238046,Software Engineer,Design,2026-04-22T02:00:33Z,referral
96ab946b-4b9e-4d1f-b34a-3bd15450ddcd,Ansh Manne,urvipalan@example.com,+911038569557,Backend Engineer,Finance,2026-03-11T06:38:57Z,linkedin
56082f2f-8df0-4941-ac43-19974b51a9b4,Damini Garg,tshankar@example.net,03754025472,Frontend Engineer,Engineering,2026-06-01T16:42:47Z,linkedin
a4ab9839-1adc-4737-bfcd-abc7db3197b8,Neel Khanna,bhavikagopal@example.org,+910592745238,UX Designer,Finance,2026-03-18T05:40:06Z,naukri
37416388-1a62-4c8a-857f-e7039e5cde24,Saumya Zacharia,nadighemangini@example.org,+918410672752,Marketing Specialist,Design,2026-04-02T03:45:15Z,company_portal
61b8aeff-d441-4d06-9ef9-c209e36cf5a2,Urvi Mann,tripathigarima@example.net,2975170281,Frontend Engineer,Marketing,2026-04-29T17:33:41Z,internshala
f22d81bb-0bcc-46dd-b0b5-3a30e440efb6,Ishanvi Chanda,aryan69@example.org,00939834301,Data Analyst,Engineering,2026-03-05T11:17:33Z,referral
5bce8fd5-ab26-43ac-9970-c5fcb45caf74,Vritti Nadkarni,gchahal@example.com,9805626565,DevOps Engineer,Legal,2026-05-29T16:18:49Z,linkedin
acc5a0f5-7c70-4d7e-80cc-4a2d9f6689da,Sanaya Chahal,manehemani@example.com,+917674266299,Sales Executive,HR,2026-06-13T09:41:58Z,naukri
f99e4342-0d3a-4958-9c8a-f8a07799f2a0,Gautami Bhatti,dhawansarthak@example.com,6106462879,Legal Counsel,HR,2026-03-26T22:32:57Z,naukri
b142639f-b2c1-430f-a88e-a4d6b6bd267c,Vritti Basak,ryangrewal@example.com,09478730024,UX Designer,Operations,2026-05-07T04:50:49Z,linkedin
fcfc7292-7255-45b7-8dbf-e32e92d7bde0,Vyanjana Konda,urmi14@example.com,+911471959796,Financial Analyst,Product,2026-04-23T05:16:29Z,company_portal
3ce7c264-289d-4c31-b188-928333a0e77d,Aashi Gaba,vamakshi15@example.net,0257252045,HR Business Partner,Operations,2026-03-06T01:41:27Z,company_portal
e8b2b2fb-8516-43ff-a83f-6dbcb4da5bed,Faraj Varkey,dparekh@example.com,+912192855445,UX Designer,Finance,2026-06-20T10:14:12Z,internshala
574ed213-5cbe-4f29-91b7-fbcd51916d6d,Laksh Vasa,warriorindira@example.org,05765213283,Software Engineer,Data,2026-06-18T14:35:40Z,company_portal
b3f74fe2-7c79-4d26-8e40-9f1eec65a665,Jackson Deep,ishaansahni@example.com,+917545279852,DevOps Engineer,Design,2026-05-19T05:28:30Z,company_portal
04b26556-98af-4c76-9d25-7c50c89b8923,Utkarsh Mohanty,ayush13@example.org,+913216110760,Marketing Specialist,Product,2026-05-04T00:58:31Z,linkedin
0bda5231-c6fd-4d33-bd40-ca89cdc664c8,Upasna Dani,hritikbali@example.net,00140119393,Frontend Engineer,Finance,2026-03-24T15:54:47Z,referral
e615fc26-a8ae-445a-a839-229df20e95c2,Arunima Pall,indalibalakrishnan@example.org,02893891190,Financial Analyst,Operations,2026-06-04T03:50:52Z,referral
3aba1a77-4692-4ef2-bc48-861765244ce4,Hardik Kala,rehaanmanda@example.org,7592712566,Operations Lead,Marketing,2026-03-24T02:30:19Z,linkedin
40527a8e-37d9-4c14-915c-308a3a6f96c4,Dipta Dasgupta,yoshitakari@example.com,01827548015,ML Engineer,Engineering,2026-04-13T03:24:40Z,naukri
630fc945-6205-4de2-875b-9a36de134b1e,Devika Sawhney,ydalia@example.com,+918646317520,HR Business Partner,Product,2026-06-25T14:33:18Z,company_portal
caaea3ea-88ed-4963-9cbc-b91794c4d7ca,Jagdish Dhar,zcheema@example.com,06912153539,Financial Analyst,Legal,2026-03-09T10:39:53Z,naukri
35d31cce-6d97-4779-93d3-75d472a093da,Arya Mahajan,odas@example.com,6579678427,Sales Executive,Product,2026-04-09T03:18:07Z,naukri
7ef98930-31cd-4c6a-8bb9-1e712acff18d,Vihaan Desai,daszashil@example.com,+911017026952,Marketing Specialist,Design,2026-06-25T04:41:54Z,internshala
589b4c3d-299f-4f20-b420-efe3de3edc94,Saksham Memon,gopal18@example.com,7784858800,ML Engineer,Marketing,2026-03-31T21:41:23Z,linkedin
3cb38912-4e5a-45d1-9e4c-415e148921fc,Krisha Savant,ydani@example.com,00028427624,ML Engineer,Product,2026-04-05T10:40:21Z,referral
e653c0b3-a724-49f8-bc90-350976c50e93,Upma Soni,wsura@example.org,2806479695,Legal Counsel,Finance,2026-04-05T15:29:49Z,internshala
f2e8e89b-fa63-439a-a5a5-ea515d65a955,Kabir Peri,ekani00@example.net,09056165565,Financial Analyst,Sales,2026-06-13T23:22:29Z,company_portal
d7f719b3-3af9-430f-b367-796d81aa6482,Frado Bhatti,kondayug@example.org,01520850769,Marketing Specialist,Design,2026-05-17T05:17:46Z,linkedin
126d75ca-042a-40d0-8aba-ad7068d559da,Anthony Nadig,bloke@example.net,09659171357,Backend Engineer,Product,2026-03-22T02:52:20Z,internshala
ca013328-fb20-46be-ad40-60c2d7a195ab,Saksham Taneja,ojas94@example.com,1834404963,UX Designer,Marketing,2026-03-22T05:20:53Z,company_portal
a38b0e2f-6148-4ead-a9cc-11fae3c7aaaa,Vaishnavi Sane,chandrangayathri@example.com,+915148468536,UX Designer,Product,2026-05-31T13:36:44Z,referral
f90e3df2-bbe0-49d7-917a-5de7c639807e,Pranit Bahl,nkrishnamurthy@example.net,8297374896,UX Designer,Design,2026-05-10T12:59:54Z,internshala
38ceb7a1-82f6-47ae-9552-553c023b05bd,Manbir Khosla,vigsai@example.com,+914665136442,DevOps Engineer,Product,2026-05-30T13:28:19Z,referral
36a1b001-912e-468f-8a02-4435de100e44,Rehaan Bala,warinder63@example.org,+914778660324,HR Business Partner,Legal,2026-03-25T07:08:40Z,internshala
56f72a4b-039c-4634-8a41-5e3fe07a969f,Brijesh Sunder,ayushkuruvilla@example.com,+910159416516,Backend Engineer,Legal,2026-04-03T01:50:48Z,internshala
b9d8dc69-8ef7-4c13-9e8f-34921e37e6ee,Zayan Taneja,warinderchoudhury@example.net,+913915596363,ML Engineer,Marketing,2026-04-27T11:38:14Z,referral
559b609f-e5e7-47a2-b9dd-db079847f4d7,Ria Rege,hredhaangill@example.org,09078515867,Data Analyst,HR,2026-04-04T20:27:13Z,naukri
a7827666-1277-4c3b-a8df-c1beef1606f9,Jhalak Morar,arunimadhillon@example.com,+919003486451,DevOps Engineer,Sales,2026-05-01T10:39:05Z,internshala
d148a8e1-02d7-450a-8157-89cd628b03db,Aadhya Mitra,saanvirama@example.org,+913432756041,Marketing Specialist,Operations,2026-06-18T08:06:57Z,linkedin
79fee2a4-ca06-47a4-89a7-358822d79661,Pahal Chaudhry,vsinha@example.com,+914815698570,HR Business Partner,HR,2026-04-29T23:17:29Z,linkedin
74a8affe-bd24-491f-bd07-fafb0e63953b,Aarush Rattan,goursachi@example.net,+914591123829,Marketing Specialist,Sales,2026-06-18T04:46:12Z,linkedin
7e1976de-d3c0-4e7f-b065-c55a157b483a,Abha Ghose,cnagarajan@example.com,9543165266,Legal Counsel,Legal,2026-06-11T17:05:05Z,internshala
742e7cc3-6df4-457a-a95c-95673e451204,Gaurav Shere,anshbajaj@example.net,+914206969421,HR Business Partner,Legal,2026-04-15T14:04:43Z,internshala
4733e68d-5fc2-4cb7-8667-04ed6992b572,Sudiksha Talwar,onkar91@example.org,+913334476263,HR Business Partner,Legal,2026-06-21T06:43:02Z,referral
bbde9ce6-7495-460c-9a84-75ecdb2a57e0,Nilima Dhingra,barkhagulati@example.com,+914439735971,Legal Counsel,HR,2026-04-27T19:28:25Z,internshala
9078ea08-64d1-4349-bc80-dec440d78f27,Simon Rajagopal,singhkiaan@example.com,6941180053,Software Engineer,HR,2026-05-30T22:50:00Z,linkedin
1c8e9765-6a79-41e6-916c-4871eeac3e33,Abdul Kulkarni,mpandya@example.net,9646528092,Frontend Engineer,Product,2026-04-23T13:21:39Z,internshala
93d3f384-122c-4b9a-8162-9ebf97da9810,Kevin Chakraborty,omkaar87@example.com,08624150274,Software Engineer,Data,2026-05-26T17:42:50Z,naukri
a3258621-7dcf-4134-902c-2f1b8e9f8d32,Zansi Munshi,qushi44@example.net,02572870320,Operations Lead,Operations,2026-04-04T22:02:34Z,internshala
9e74eb9c-d70a-4eb0-96bb-e54018b04765,Nihal Sibal,qadimbanik@example.com,01707587771,Marketing Specialist,Marketing,2026-05-29T10:05:09Z,company_portal
59093a37-8a5a-475b-80ad-a72cb2738b7b,Bhanumati Gole,jatinpalla@example.org,+918499390892,Financial Analyst,Marketing,2026-04-15T00:24:17Z,internshala
7ca36ff2-f173-4e4c-a319-083dea5e5685,Falguni Bal,pbose@example.com,01659152017,DevOps Engineer,Marketing,2026-06-19T01:51:21Z,linkedin
c2800afd-5a98-442b-a334-4d14b5d59c81,Forum Bassi,osetty@example.com,9759230450,Data Analyst,Operations,2026-04-26T05:25:35Z,naukri
803c2792-5a1b-4be2-a48c-4ae584dee2ed,Pranav Khatri,rajgeorge@example.com,01032664214,Sales Executive,Legal,2026-05-05T01:40:33Z,referral
79ee0e2c-0017-4e93-b8b1-19bd7b2ed07a,Jagrati Char,vsankaran@example.com,08377674996,Data Analyst,Legal,2026-04-25T12:19:02Z,referral
3c05ea29-cdcf-461c-9127-c27c5b98723f,Radha Sandhu,samijyoti@example.net,+910857327881,Sales Executive,Finance,2026-04-22T07:36:50Z,referral
4a145efa-c67b-4595-87b1-be3c6a777e17,Manthan Datta,upadhriti61@example.com,4386490810,Frontend Engineer,Product,2026-03-05T16:48:13Z,company_portal
93d83e42-dcd2-4ca2-a290-f5b954d32eaa,Ucchal Kulkarni,uppalpavani@example.com,04918017226,Financial Analyst,Marketing,2026-03-12T17:07:52Z,referral
034a44c1-9e41-4c8f-8e13-d2acb1964906,Dipta Sha,chackoomaja@example.net,7945232194,Data Analyst,Finance,2026-03-19T00:43:34Z,internshala
b2d851c6-6c2b-4c5e-ba41-0ef55a1b3739,Jackson Arya,sarafandrew@example.org,+917769749956,Software Engineer,Marketing,2026-04-19T23:39:20Z,company_portal
fc656fb1-7395-4f04-85f4-f6b2112b1d51,Isaac Babu,gagan22@example.org,3037236831,UX Designer,Marketing,2026-05-25T05:48:39Z,naukri
2dd733a0-af36-41d4-883e-65c43e58e877,Jackson Ganesan,ubika27@example.com,+917770793349,UX Designer,Design,2026-05-22T23:05:15Z,referral
9bd1f9fc-52d5-4344-aec4-6daf35bdb179,Rachana Sagar,vbehl@example.org,09984076789,Sales Executive,Product,2026-06-14T06:16:53Z,internshala
5e79fdf0-c578-4ad9-934d-a3612f38caa0,Pahal Mutti,tkata@example.org,1467179576,ML Engineer,Operations,2026-03-16T10:22:58Z,linkedin
acec1ca9-0481-4b5a-9a55-1a5f0c0812b5,Upasna Padmanabhan,edwinbhavna@example.net,03839597246,Content Strategist,Legal,2026-04-24T20:27:40Z,referral
d7f11920-356c-45f7-9dcd-458f05e42ef2,Sarthak Mandal,yparsa@example.com,1722329716,Financial Analyst,Design,2026-03-05T06:31:36Z,referral
8fad73cc-9b5d-4279-bae8-4ee3453243c6,Andrew Parmer,pmitter@example.org,05228015619,ML Engineer,Legal,2026-05-25T03:05:37Z,referral
c6ef39dd-bdc3-462d-9a17-00cc5659bc9b,Harini Pant,jaikapur@example.com,+918428910771,Software Engineer,Finance,2026-04-05T06:11:27Z,company_portal
d6ffcc65-4277-4774-b389-b2657ea61cb8,Oliver Dalal,chaudrybenjamin@example.net,+915247871255,HR Business Partner,Legal,2026-05-14T02:55:33Z,company_portal
1ce99784-b2da-4a5e-8890-6b453f6efda6,Abeer Korpal,jasonjaggi@example.com,05482145653,UX Designer,Operations,2026-04-03T01:44:27Z,referral
48205204-93a0-4344-bca7-08f4311bc2cb,Odika Rout,oviyakari@example.org,08507208115,DevOps Engineer,HR,2026-04-30T03:40:19Z,referral
acfbbe87-f97c-48cc-9be9-436e84e7606f,Balhaar Dora,neelima26@example.org,0846684550,Backend Engineer,Legal,2026-04-18T19:38:01Z,naukri
ba2e0833-fa18-441e-bc92-438ac635b2ab,Riya Pai,manan67@example.net,6341085628,DevOps Engineer,Sales,2026-03-31T14:18:44Z,naukri
db9d69f9-d8e0-41f3-a38f-3b4aee886f7d,Harini Dutta,tanay18@example.net,+910894346810,Operations Lead,Finance,2026-03-23T14:10:54Z,referral
caec8426-6362-4ef0-8f84-298e9a100f16,Jeet Sen,aashi85@example.org,09075399893,DevOps Engineer,Legal,2026-05-21T11:14:17Z,referral
fbf91b6b-1a4b-4f6c-8cfa-871043834216,Krishna Venkatesh,chandani49@example.net,3158935712,Software Engineer,HR,2026-05-11T16:47:51Z,company_portal
cad3e05f-d721-4b66-8308-b82df9659c82,Pavani De,fsabharwal@example.org,03715869886,Content Strategist,Product,2026-03-13T13:32:59Z,internshala
cb6693a3-daf4-400b-ad66-8f8feef696a6,Omaja Gaba,wishi67@example.net,+918277288137,Sales Executive,Product,2026-06-05T00:51:23Z,referral
7c65a276-f10d-467c-aae4-452692fbc955,Jagat Rege,vbali@example.org,+911594082154,HR Business Partner,Operations,2026-05-07T06:35:50Z,referral
b87eac54-6a95-4c1f-b04b-60758f9d411e,Lucky Sama,chavvi47@example.org,+914432701851,Data Analyst,Data,2026-04-05T07:07:37Z,naukri
ff523200-f904-4618-94f7-e34c842e3500,Sneha Nazareth,sahnivasana@example.net,07922877725,Content Strategist,Engineering,2026-04-22T08:42:44Z,naukri
c7e375d7-df38-441b-aa92-65e130ecd1bf,Harinakshi Zachariah,routlila@example.org,+917412094818,Financial Analyst,Operations,2026-06-18T21:42:06Z,company_portal
60b3d157-22cf-4ef8-8b8a-63a55af7a650,Vamakshi Thakkar,hanschatresh@example.net,+911820433971,Financial Analyst,Product,2026-05-14T11:05:29Z,company_portal
2c767588-89d0-4912-8d5b-51103c77b1ae,Harini Sarkar,neelima90@example.com,+916085641118,Software Engineer,Marketing,2026-05-16T15:28:13Z,linkedin
254d48db-b4a9-4246-b8be-6bbaadc0831f,Gaurav Dube,bhavikadhawan@example.org,06209520046,DevOps Engineer,Design,2026-04-25T03:19:50Z,referral
7a6d6f00-3709-42cb-bb56-c7b38e29f661,Aarna Prashad,nagarajanlucky@example.com,+910339937886,Sales Executive,HR,2026-06-21T19:23:28Z,referral
10eaf6ed-0b7b-4090-934f-694e7b943e21,Niharika Bhatti,luthradarsh@example.com,00630489138,HR Business Partner,Legal,2026-03-30T03:41:07Z,linkedin
30956dca-6a44-4121-9747-37cc675f5745,Xiti Jani,daksharay@example.com,+915823868700,Software Engineer,Sales,2026-06-13T20:40:41Z,referral
19aa733e-0eac-470d-9a58-5e07e7c20dc3,Darpan Subramaniam,pmann@example.org,09465398402,Operations Lead,Legal,2026-05-31T05:05:06Z,internshala
d3141dbd-b92a-4ba8-8e69-7a0f1984088f,Logan Mammen,mitalgaurav@example.com,03985547435,Data Analyst,Sales,2026-04-08T01:23:12Z,referral
5a823d14-a874-4c16-b0ae-88b2344e6e4a,Kiaan Agate,shivansh79@example.com,7002687681,Data Analyst,Engineering,2026-05-01T18:25:50Z,referral
01890a48-39f7-4f8b-a5f8-f1429e5ec9ab,Jatin Pandit,yohannanazaan@example.net,09562017537,Backend Engineer,Legal,2026-04-08T17:22:05Z,naukri
b058bfab-8bea-436e-94f4-5f153cec16bf,Rehaan Chana,kantanmol@example.com,4337504793,Data Analyst,HR,2026-06-17T01:11:39Z,internshala
c3e8f8a7-f635-4f6d-b293-62b62b051576,Xiti Tak,hayremeghana@example.org,+918399921921,Software Engineer,Operations,2026-03-17T03:42:18Z,internshala
3deb71f4-e2c6-4f18-8343-b5835fdc9ade,Rehaan Bajaj,aashikari@example.net,8948706056,Frontend Engineer,Design,2026-05-13T06:23:00Z,company_portal
293ebe1b-36ac-460c-b2b6-d1a77f51cce2,Warhi Pathak,hmahal@example.net,0304687506,Software Engineer,Legal,2026-04-06T21:29:55Z,company_portal
23e1c2f8-4dcc-49bf-a49f-148ccaf6b98b,Upkaar Sampath,gaurikabumb@example.net,+913325411076,Legal Counsel,Finance,2026-05-13T12:47:10Z,referral
1f056bbd-573b-426c-882e-38a6ad5aafae,Urvashi Khare,nattzashil@example.org,00583199717,Operations Lead,Marketing,2026-06-12T14:54:25Z,linkedin
92ae20dd-25f4-4578-bbe2-cd273414136e,Dhriti Bhattacharyya,chadadarsh@example.org,+910704961108,Operations Lead,Operations,2026-03-19T02:16:56Z,internshala
5549e555-d85d-4b11-bf7a-71e703212134,Nirja Kaul,menonlakshmi@example.com,9076769915,Software Engineer,Finance,2026-03-13T15:21:41Z,naukri
3a9d4282-8a2b-4690-a56a-c9bee38e7ad2,Hritik Chauhan,settyzansi@example.com,+919193928456,Backend Engineer,Finance,2026-06-20T19:00:42Z,company_portal
89e1de2e-5220-4ad6-a7fd-e33bf367223e,Chaitanya Bhasin,lsaxena@example.org,+914968549822,Frontend Engineer,Engineering,2026-05-10T23:48:03Z,company_portal
09844921-82df-4dac-8730-6d4cc9d415d0,Jyoti Anand,mmore@example.com,9203880653,Marketing Specialist,Data,2026-06-16T03:02:47Z,linkedin
4ef2b0a2-6c6c-46ce-bcb1-f8f72efc47bb,Vamakshi Sibal,sakshambiswas@example.com,5995946521,Frontend Engineer,Marketing,2026-03-08T06:01:51Z,referral
464dda87-f27e-4d7f-b15e-4fe386b94d66,Udant Karpe,fbasak@example.org,09337563620,Marketing Specialist,Operations,2026-06-20T15:16:39Z,company_portal
173aea5a-b393-460d-afd1-754009d6dc22,Lucky Mannan,advaith15@example.org,03950033423,ML Engineer,HR,2026-05-26T05:55:20Z,naukri
651e982c-0e25-4d0d-affe-02d97cdeca43,Rohan Bains,owen58@example.org,+914102615347,DevOps Engineer,Design,2026-05-24T20:25:11Z,linkedin
d68a783a-7529-49ce-b7b1-18513bb0c088,Radha Bhattacharyya,kalapradhan@example.net,+912233865596,Software Engineer,Sales,2026-04-01T08:57:19Z,referral
76b16796-d230-4418-8867-993d16c02af3,Manthan Narang,chakradhargulati@example.net,+910428973179,DevOps Engineer,Data,2026-06-20T17:44:41Z,linkedin
19366a97-5d2e-4b17-9794-aaef9c4b97f4,Wishi Venkataraman,ganeshyashoda@example.com,02558777496,Content Strategist,Sales,2026-04-28T23:06:49Z,internshala
06a68a65-35df-4700-8300-dd9340eabb11,Wahab Randhawa,johaltheodore@example.org,+914669254812,ML Engineer,Operations,2026-04-12T22:02:18Z,naukri
e4a13c03-dccc-455d-9329-618d27bab14d,Victor Barman,merchantsai@example.net,08956776657,Software Engineer,Data,2026-05-11T01:22:09Z,company_portal
0cf7cd23-f4a8-43ac-9001-dbec2c24e576,Vivaan Lanka,anjali60@example.org,1514888143,ML Engineer,Engineering,2026-04-20T22:16:36Z,company_portal
aa43c70f-9b36-4951-a785-a9ac37c2f321,Sai Nath,daniekbal@example.com,+915444392840,Data Analyst,Marketing,2026-05-07T04:36:54Z,naukri
5e7ad7e7-03ad-470a-a8e2-429663df02c2,Urmi Vala,baghyawati56@example.com,+916333738987,Frontend Engineer,HR,2026-04-12T13:39:37Z,naukri
2a07b238-e6b9-41fe-8d13-fa63e44dfcb9,Raghav Sanghvi,yoak@example.org,6377805292,Product Manager,HR,2026-04-24T09:52:18Z,naukri
ac911a9b-5ad8-427e-a3b7-dce9a64db43d,Oni Sandal,aditya75@example.com,6845909022,Content Strategist,Operations,2026-04-18T21:56:10Z,company_portal
72dffd77-48f9-4b78-9374-ddaec725a6d2,Libni Guha,mahika63@example.com,01597412182,Frontend Engineer,Finance,2026-06-13T04:53:57Z,linkedin
f9a43a85-f60c-42dd-add5-7499e9f0f972,Ekaraj Raju,sureshavi@example.org,03348170580,Legal Counsel,Design,2026-04-06T15:07:19Z,internshala
f527a5bf-71b9-4ade-86ae-82c3e8da68a2,Indrajit Dayal,etaroy@example.com,6716323467,Marketing Specialist,Product,2026-05-03T04:50:46Z,linkedin
d3894d34-1af6-4296-b18e-658e031591dd,Anya Jaggi,dayitajain@example.net,+912716938597,Backend Engineer,Sales,2026-04-26T13:40:45Z,company_portal
a5d19017-f8f9-407a-a513-0bf8d9a6c7e4,Bhavna Shan,kshere@example.org,04692632967,Legal Counsel,Finance,2026-04-03T15:46:43Z,referral
e517c96f-5220-44e6-97d3-9aecf76b0018,Maya Bassi,sgoswami@example.net,+912484137681,Marketing Specialist,HR,2026-04-04T01:08:02Z,linkedin
a7e6389d-2c02-4ffd-a082-a5193a422fa6,Shravya Gala,faraj18@example.com,03807017656,Legal Counsel,Finance,2026-04-21T18:51:05Z,company_portal
2b844e87-858c-4804-9fec-c7e3749a7501,Ishwar Deshpande,mekhalabarad@example.org,07771183727,Data Analyst,Finance,2026-06-18T02:35:20Z,company_portal
4660b3dc-1efd-4840-bba7-72d822e0c573,Peter Menon,neel20@example.net,+918621042752,DevOps Engineer,Design,2026-03-21T14:44:34Z,linkedin
ecca173e-3d70-446d-b357-fd3eb7f47444,Champak Virk,bakhshiwalia@example.org,1647090063,ML Engineer,Legal,2026-06-01T12:29:47Z,naukri
c438984e-b0b1-4e07-aeaf-b536c9644a10,Amol Sama,kavyakhare@example.org,+910531312206,Product Manager,Product,2026-06-22T11:43:19Z,referral
291339ad-f04b-474c-a21e-fc43210810c1,Sarthak Rana,narainekantika@example.net,01331552065,Marketing Specialist,Finance,2026-04-19T02:40:57Z,internshala
530200ae-013f-4776-9057-365787d03128,Dominic Mallick,ramachandransimon@example.com,9501364971,Legal Counsel,Design,2026-06-22T22:58:13Z,naukri
7c349d32-de89-4d95-8d42-5aec644ebc5e,Lipika Deol,zayanchandran@example.net,02571509976,Marketing Specialist,HR,2026-04-18T05:04:37Z,linkedin
09af202f-4c6a-464a-a714-dd3e6cc974f5,Jeet More,yahviarya@example.org,+916391025743,Product Manager,Operations,2026-03-09T19:13:39Z,company_portal
4058d27e-e37c-4ddc-9756-aa483e43d08d,Wazir Sawhney,keyajayaraman@example.net,5245086403,Marketing Specialist,Sales,2026-04-12T22:55:25Z,referral
81c2ced6-c3a3-44df-bb0f-6958d779ec3c,Yuvraj Kapadia,hema33@example.net,6852701713,Software Engineer,Design,2026-06-07T05:11:17Z,naukri
968b95de-7ee5-430e-85a0-2b831514e29c,Oscar Jayaraman,dhaliwalsamarth@example.org,+918167423362,Financial Analyst,Operations,2026-03-20T17:01:44Z,linkedin
2327cf92-bd06-4f45-ad58-1d6bf5874a41,Saksham Magar,chavvimangal@example.net,01566277689,DevOps Engineer,Sales,2026-05-09T09:55:45Z,naukri
78121fb3-7d2d-4f7e-a1c5-3b90f96d0545,Lakshmi Sane,ydugal@example.com,+914982824674,Legal Counsel,Sales,2026-05-18T13:55:34Z,naukri
90d41d35-5cb4-4e20-bdb4-8c0c2f0c4871,Ekbal Nath,ymander@example.net,+917323008576,Data Analyst,Design,2026-05-21T08:59:53Z,linkedin
83a1c9a5-7bb6-42a5-b619-dfef9f9ef975,Vrishti Morar,vrana@example.com,9160169236,Product Manager,HR,2026-04-02T11:13:31Z,linkedin
df344c63-c186-4d9c-bfb0-195d3c5d4c6e,Dalbir Rajan,ijaya87@example.net,03370502497,Backend Engineer,Marketing,2026-04-28T04:30:35Z,linkedin
cf6cd9be-7c6c-4e47-815f-5bbfc25f8304,Advik Dada,aachalkota@example.net,+916691836264,Operations Lead,Sales,2026-03-14T10:43:28Z,company_portal
f2d449ec-4ead-45db-bb5e-dc44e2239ee3,Nisha Chakraborty,xiti86@example.net,+919524364027,Frontend Engineer,Design,2026-05-29T15:52:09Z,company_portal
1adad09f-f986-4415-8f7d-02a0451fbb59,Omaja Mani,chatterjeeekaraj@example.net,6225223728,UX Designer,Product,2026-03-22T10:55:23Z,referral
d4de86b4-8e67-46c5-9b19-04edcd96d120,Daniel Goswami,seshadrisimon@example.org,+914679121416,UX Designer,HR,2026-06-02T06:41:01Z,linkedin
e1fdc0ea-6f65-40b2-be5b-488f06bb81a2,Wahab Sridhar,malhotradevansh@example.com,01004090138,Operations Lead,Legal,2026-04-20T03:59:50Z,company_portal
cbbd74a5-7e69-4838-ab25-6cb643cde20a,Urvashi Nazareth,prashadzinal@example.com,6555535669,DevOps Engineer,Operations,2026-03-30T11:37:40Z,referral
90423276-bf19-48bc-a0cd-e04904b8d213,Tanmayi Ratti,parekhganga@example.org,2091843579,Content Strategist,Product,2026-03-02T10:00:39Z,linkedin
240e8a0a-ec93-446c-b8ce-0b0824d88266,Aarush Nagy,avarma@example.net,+915057397691,Financial Analyst,HR,2026-04-30T04:29:51Z,internshala
2572dead-a83b-40fb-8131-b19bf0a6803c,Chaaya Hayer,priya71@example.net,2898027148,DevOps Engineer,Finance,2026-04-10T11:27:10Z,internshala
4575dbf5-2d04-4c2f-b9d7-a9729c5b4b4a,Wridesh Kohli,cganguly@example.org,+912116025643,Product Manager,Marketing,2026-06-14T22:11:37Z,linkedin
0516e2ff-8909-4055-9d01-1b8e436c9cc9,Gautam Natarajan,vamakshi12@example.net,+919915668633,HR Business Partner,Operations,2026-04-02T20:51:49Z,company_portal
59bb62c0-33f7-4739-85bd-79243a66b1e6,Harini Guha,jack41@example.org,1952569040,Content Strategist,Operations,2026-06-04T07:48:51Z,internshala
4a82ee51-57a2-4703-ac99-a8fe39399edc,Jonathan Venkatesh,lipikasampath@example.com,9931608752,DevOps Engineer,Design,2026-05-24T21:53:14Z,naukri
4e09189d-f226-4aba-9ebb-89e9d804b473,Madhav Banerjee,theodore77@example.org,5481497374,Content Strategist,Engineering,2026-03-23T14:22:54Z,linkedin
6323ab2f-e146-44b0-ac5f-dc33c36696aa,Shivansh Kar,zbhargava@example.com,0276420865,Product Manager,Sales,2026-03-20T15:21:57Z,referral
8cbac1f0-0202-4676-b089-a4556559afd9,Ekbal Wable,wsolanki@example.com,4438612590,Marketing Specialist,Data,2026-05-28T19:04:34Z,company_portal
83d43790-bacf-4c68-affe-2721e53af4df,Vasudha Manne,tanvi29@example.org,+913330591266,Content Strategist,Sales,2026-03-20T11:39:28Z,linkedin
73752e24-2ad0-4fbf-a724-19d4ff35fb6e,Praneel Ben,dakshchar@example.com,+918596263013,UX Designer,Operations,2026-05-11T13:59:29Z,company_portal
f81066a6-b4c6-4d23-b3b4-b3b6a49ac817,Keya Chakraborty,tsuresh@example.net,06475011117,Backend Engineer,Sales,2026-06-04T22:33:39Z,internshala
dcc771bf-bfd8-4477-aa12-71b8d5bcc94f,Pratyush Rajagopalan,arinsrinivasan@example.com,06492151826,Data Analyst,Operations,2026-03-17T15:42:32Z,referral
046546d0-894f-4a8b-ad00-34991940a8b3,Sarthak Dalal,rameshvrinda@example.org,+919208751029,Legal Counsel,Design,2026-03-06T07:52:10Z,referral
b00c86df-7e3b-44c8-858a-b982d4472574,Bakhshi Chad,neelchahal@example.net,+918458260340,Marketing Specialist,Legal,2026-03-03T17:44:42Z,linkedin
f7e046f0-00d7-4fb1-bceb-024e4ae9a78b,Indira Yohannan,sai29@example.com,3103032432,Data Analyst,Engineering,2026-06-23T17:40:00Z,internshala
db58f5ce-2b98-49e1-a6bf-3c5e017e3efa,Falan Kumer,jagratimall@example.org,06267146283,Backend Engineer,Data,2026-05-08T20:30:39Z,internshala
14bbc4d2-2402-465c-b724-1f3a6dc7a540,Yasti Gade,luthrareyansh@example.net,02566093141,Legal Counsel,Engineering,2026-04-09T08:27:42Z,naukri
7cc7b619-bd40-499f-8f16-58a94c58b17a,Janani Nath,raydominic@example.com,02340163611,Sales Executive,Sales,2026-03-15T07:19:17Z,naukri
0e5eaca7-307f-4c25-b9f4-a3c301bc2b2d,Baghyawati Madan,daminisuri@example.org,1025625889,DevOps Engineer,Finance,2026-05-12T16:40:59Z,company_portal
8eaab8fd-9fdc-48d4-8da8-37be62360d0f,Aditya Varghese,lsood@example.org,2226940539,Data Analyst,Engineering,2026-04-02T04:13:41Z,referral
502a9d19-374f-4244-bc2a-ef264676d56e,Upadhriti Thakkar,lshankar@example.com,04683414651,Financial Analyst,HR,2026-04-04T21:11:12Z,naukri
c70356b8-68ce-47b0-b75a-847d0dd69074,Dakshesh Chad,bosewriddhish@example.org,4870682778,Marketing Specialist,Legal,2026-05-20T15:04:50Z,referral
60cb8d21-91b0-45b7-8329-35b88bc732f2,Abhimanyu Sandal,raviakshay@example.net,8538909728,ML Engineer,Marketing,2026-04-29T13:09:24Z,company_portal
7f772bfc-5b05-402d-b5b3-f3f43c82f324,Yoshita Pandit,parthborde@example.com,+916762515381,Product Manager,Marketing,2026-04-12T19:44:34Z,internshala
d601bc78-e990-4f67-bbe5-ca11e58838e3,Aarnav Ramesh,chandani74@example.com,+914807970509,Data Analyst,Marketing,2026-03-12T04:24:45Z,referral
8feb08f4-8244-4682-a263-966eafcb074e,Abdul Palla,tnarasimhan@example.com,2650167318,Data Analyst,Sales,2026-03-30T15:58:37Z,naukri
d20a1657-8fe3-4592-8e9c-3779f2230f8e,Nachiket Krishna,nirjadasgupta@example.com,+917654562841,Product Manager,Product,2026-05-12T02:30:40Z,linkedin
9faa44e0-4863-4d03-b626-7277cb5d3372,Radha Ahluwalia,ksarna@example.org,03134026650,Financial Analyst,Legal,2026-05-03T21:24:39Z,naukri
a3afb159-fb13-47fc-8794-ccfd957b5c11,Jagat Sama,rushilsrinivas@example.net,08725686211,ML Engineer,Design,2026-05-12T00:52:24Z,company_portal
7f3f0ba5-e9b8-45ca-a1c1-415dbfb0fc4a,Warjas Ben,datenachiket@example.com,5690674471,Frontend Engineer,Marketing,2026-03-09T01:40:48Z,referral
9fb2aae0-f2fd-49f8-a35d-b4013ecef429,Zaid Mand,nkota@example.org,+914363718923,HR Business Partner,Operations,2026-05-29T07:18:26Z,naukri
57ab153d-3730-4497-b9c8-2c4dd06831ef,Balvan Mahal,veerdara@example.org,+912609310668,Content Strategist,Sales,2026-03-24T09:30:29Z,naukri
a5417542-a21d-45e5-adad-3a6d98d23515,Darsh Uppal,vihaan35@example.com,00414545635,Data Analyst,Finance,2026-06-24T17:53:15Z,internshala
f5a553e4-3f0b-46d6-9c34-9d412670a52f,Ekanta Kala,gopalbanjeet@example.org,07491624755,UX Designer,Data,2026-04-01T11:02:51Z,internshala
dd5e9456-60dc-4250-b692-4d8cedd228ec,Garima Patel,isaac10@example.net,5989534396,Software Engineer,Engineering,2026-04-21T17:17:11Z,company_portal
b41772f0-4cfc-4adc-8c3c-e5ca4015bd94,Benjamin Halder,cheriankalpit@example.net,+917118954738,Legal Counsel,HR,2026-03-25T03:31:22Z,company_portal
655405e7-76df-434d-a1f0-5c63d4ef41b8,Zayyan Palan,calebdatta@example.org,07161768802,Software Engineer,Product,2026-03-17T00:44:12Z,naukri
453558ef-20b6-415c-8751-3a86dbb2d383,Ranveer Rao,kai40@example.net,08812786866,Content Strategist,Sales,2026-06-03T05:42:53Z,company_portal
e53f2bad-d2d9-4dc6-801d-39b7cf48b680,Aditya Varghese,samuel20@example.org,08844344812,Marketing Specialist,Engineering,2026-04-11T22:35:48Z,naukri
3637a95d-a509-4dea-842d-4295ac0b488d,Balveer Divan,chakradevwalla@example.org,02403381059,Legal Counsel,Operations,2026-06-19T07:29:05Z,referral
bbb8843b-568a-474d-8ac4-8d88c70f27e2,Nilima Menon,ekta18@example.com,00053424089,Operations Lead,Sales,2026-04-19T20:24:49Z,linkedin
78ca83a5-3757-459f-a2f1-28a232cb07f9,Riya Kannan,rajaaarini@example.net,04396273652,Operations Lead,HR,2026-04-15T05:22:51Z,internshala
ee69d6dd-d3a0-4ef7-9048-b61d5eac6cba,Qasim Goda,fchander@example.org,+919724042269,ML Engineer,Legal,2026-05-05T22:18:14Z,internshala
353bfb68-a3de-477d-b587-1361c89afe04,Yatan Sha,ekarajdhar@example.org,6182091660,Product Manager,Product,2026-06-06T04:11:50Z,naukri
07237e70-bf4d-4a05-b133-4a55957ee9a2,Fiyaz Loyal,aryacaleb@example.org,+919001851327,DevOps Engineer,Marketing,2026-04-17T18:39:59Z,internshala
d7b10f41-cbb4-4d5b-8eab-e0dfa0ded93c,Mohammed Kohli,tgade@example.com,+918481001841,DevOps Engineer,Design,2026-04-19T06:02:51Z,referral
72c64577-1501-41d8-a283-71a7c7636d8f,Utkarsh Sane,adhar@example.org,02543617213,Operations Lead,Finance,2026-03-04T06:12:57Z,internshala
3d127be5-dddb-44b0-b6a0-8ff452d0cfe7,Jagat Patel,mandaishanvi@example.org,+910922685926,Software Engineer,Engineering,2026-06-21T10:17:43Z,referral
849dc28d-2b1b-4e9e-95f5-ac7b9b40d650,Anika Tata,charvimangat@example.com,5410225267,DevOps Engineer,HR,2026-04-25T13:48:53Z,internshala
e1ea2f32-7dcb-497a-ab0c-f845bf4b7a64,Arya Dhillon,hbhavsar@example.net,+915226557676,Product Manager,Legal,2026-04-01T12:10:33Z,internshala
aa699a40-70fb-46ad-aa2d-9b06c62c002b,Waida Walia,lakshit36@example.com,3619689313,Marketing Specialist,Legal,2026-06-02T02:28:13Z,company_portal
63f51f3e-6ec0-47bc-9610-4621b55855ce,Kiaan Choudhary,aarnav30@example.com,+915524728633,Financial Analyst,Legal,2026-05-28T16:34:57Z,company_portal
5ee00a17-8fa0-470b-8a38-95f67a9d8feb,Krishna Bal,dakshdevi@example.org,6501917920,Marketing Specialist,Operations,2026-03-05T22:56:22Z,internshala
13ae922c-2af5-4a03-b892-bc5cbd24f4ad,Faraj Arora,jasmitdhaliwal@example.org,6227284765,HR Business Partner,Legal,2026-03-17T21:00:48Z,company_portal
8508df99-c2f8-462e-a50b-e25320a4d3c4,Darpan Balay,sarya@example.org,2820667849,ML Engineer,Engineering,2026-03-29T00:44:13Z,company_portal
380dc1f2-c54b-4510-b4eb-5dac34acb3ba,Krishna Dass,utkarsh62@example.com,3690362891,Backend Engineer,Product,2026-04-25T22:12:30Z,naukri
f4d02018-1790-4db9-96a7-c58b5d639efc,Lajita Gala,usood@example.net,+915634111595,Sales Executive,Engineering,2026-03-07T21:38:52Z,internshala
df1bbfed-878d-4d5e-b40f-e0b3efa88743,Dhruv Kakar,khatribaghyawati@example.org,0438303419,Sales Executive,Legal,2026-03-29T02:08:46Z,internshala
975456d3-7ac2-4242-9662-e211793d03ff,Girik More,sulechakradev@example.org,+915468356521,Frontend Engineer,Engineering,2026-05-16T01:28:07Z,internshala
875cd916-f8aa-46ec-9b2e-fb010da272e0,Arjun Raja,nikita81@example.net,09042271133,Product Manager,Operations,2026-03-27T22:50:35Z,internshala
66314142-f2f7-4515-bfda-4148340e7867,Sara Deep,naveenthaker@example.net,04596063399,Product Manager,Data,2026-04-16T10:04:53Z,linkedin
4ef9ca06-49a1-4329-9fa5-e6e644f17c89,Luke More,duawidisha@example.org,1717524214,Frontend Engineer,Product,2026-03-10T01:31:33Z,referral
c123d008-578e-461a-852d-3f42b2d9a42c,Aarna Solanki,ira11@example.org,07219705466,HR Business Partner,Marketing,2026-06-25T13:38:32Z,naukri
d233259b-54ca-4ea6-bb8e-7c1e73e151f9,Kashvi Chacko,ridhiperi@example.net,6874090380,Financial Analyst,Data,2026-05-30T20:10:34Z,naukri
fbcee9e7-a1a8-446e-a66a-9e61b6626d17,Mohini Bora,henrymannan@example.com,+916715778711,DevOps Engineer,Legal,2026-03-23T19:14:54Z,naukri
dca1499f-16cd-4f54-ae43-94377b8b2e05,Neelima Narasimhan,hritikranganathan@example.com,+915597371470,Frontend Engineer,Design,2026-06-17T03:38:42Z,internshala
79861fa6-f8f1-48ff-bf07-8f438abcc644,Ekaja Balay,upmadhingra@example.net,6056730306,Operations Lead,Marketing,2026-05-19T23:36:52Z,naukri
3181019b-93c8-470a-bab7-1007c050bfd4,Anusha Ravel,zayyan21@example.org,+914768342016,Financial Analyst,Marketing,2026-03-19T04:59:45Z,referral
ecfb5b85-8fc0-4d2f-950d-e169de517ccc,Vasatika Soman,chameli23@example.com,2659608931,Content Strategist,Operations,2026-03-31T23:42:34Z,company_portal
6b688373-9684-470d-a428-6c36e2d5c378,Tara Divan,ekiyanadig@example.org,05164807279,Marketing Specialist,Sales,2026-03-15T04:04:45Z,internshala
